Firstname,Lastname,StartDate,Salary,Department
Anna,Robertson,2020-02-13,65000,Department_8
Emma,Campbell,2020-02-26,85000,Department_8
Elizabeth,Anderson,2020-10-20,50000,Department_7
Minnie,Scott,2020-02-09,100000,Department_4
Margaret,Taylor,2020-12-28,105000,Department_6
Ida,Macdonald,2019-11-30,110000,Department_9
Alice,Clark,2020-03-30,115000,Department_7
Bertha,Murray,2019-03-08,105000,Department_3
Sarah,Reid,2019-02-20,95000,Department_3
Annie,Morrison,2019-05-15,55000,Department_2
Clara,Young,2020-09-15,95000,Department_7
Ella,Watson,2019-01-01,80000,Department_5
Florence,Walker,2020-04-07,75000,Department_5
Cora,Mitchell,2020-05-18,75000,Department_4
Martha,Paterson,2020-10-19,90000,Department_6
Laura,Ross,2019-04-18,90000,Department_9
Nellie,Graham,2020-05-18,105000,Department_3
Grace,Martin,2020-04-14,105000,Department_4
Carrie,Miller,2019-05-30,90000,Department_5
Maude,Kerr,2019-03-17,75000,Department_3
Mabel,Johnston,2020-07-04,105000,Department_6
Bessie,Davidson,2020-02-06,60000,Department_9
Jennie,Henderson,2020-02-17,85000,Department_5
Gertrude,Hunter,2019-06-23,40000,Department_3
Julia,Mcdonald,2020-04-03,75000,Department_5
Hattie,Bell,2020-10-14,90000,Department_5
Edith,Fraser,2020-01-28,105000,Department_6
Mattie,Hamilton,2020-02-19,85000,Department_6
Rose,Gray,2020-11-11,55000,Department_8
Catherine,Duncan,2020-07-20,115000,Department_5
Lillian,Ferguson,2019-11-22,115000,Department_2
Ada,Kelly,2020-03-25,50000,Department_6
Lillie,Cameron,2020-06-04,45000,Department_4
Helen,Mackenzie,2020-07-30,110000,Department_2
Jessie,Simpson,2020-10-07,75000,Department_5
Louise,Macleod,2019-06-24,100000,Department_9
Ethel,Allan,2019-11-27,115000,Department_4
Lula,Grant,2020-08-20,60000,Department_4
Myrtle,Mclean,2019-10-14,55000,Department_3
Eva,Black,2020-01-17,115000,Department_6
Frances,Russell,2019-03-16,65000,Department_3
Lena,Wallace,2020-08-16,85000,Department_4
Lucy,Mackay,2019-01-09,85000,Department_2
Edna,Wright,2020-11-04,85000,Department_5
Maggie,Gibson,2019-11-06,100000,Department_8
Pearl,Marshall,2020-10-05,110000,Department_8
Daisy,Gordon,2020-12-21,80000,Department_8
Fannie,Jones,2020-02-27,60000,Department_1
Josephine,White,2020-11-10,45000,Department_4
Dora,Kennedy,2020-12-30,50000,Department_8
Rosa,Stevenson,2020-12-07,45000,Department_7
Katherine,Sutherland,2020-07-15,40000,Department_1
Agnes,Burns,2020-04-01,85000,Department_1
Marie,Johnstone,2019-05-06,70000,Department_1
Nora,Craig,2020-12-03,85000,Department_4
May,Mckenzie,2019-07-10,65000,Department_7
Mamie,Murphy,2019-02-02,85000,Department_7
Blanche,Hughes,2019-07-24,115000,Department_8
Stella,Sinclair,2020-03-17,40000,Department_2
Ellen,Cunningham,2019-11-24,60000,Department_8
Nancy,Williamson,2020-01-20,100000,Department_1
Effie,Wood,2020-08-20,75000,Department_4
Sallie,Milne,2019-07-07,85000,Department_5
Nettie,Docherty,2020-01-10,55000,Department_6
Della,Muir,2019-09-04,80000,Department_2
Lizzie,Crawford,2020-07-16,45000,Department_9
Flora,Watt,2019-03-01,55000,Department_3
Susie,Douglas,2019-03-12,85000,Department_5
Maud,Mcmillan,2020-04-28,50000,Department_8
Mae,Millar,2019-10-27,70000,Department_7
Etta,Fleming,2019-08-28,100000,Department_8
Harriet,Munro,2019-12-08,110000,Department_2
Sadie,King,2019-04-29,90000,Department_3
Caroline,Ritchie,2019-07-30,45000,Department_3
Katie,Shaw,2020-09-09,50000,Department_9
Lydia,Williams,2019-08-23,50000,Department_7
Elsie,Jackson,2020-05-13,45000,Department_4
Kate,Thompson,2019-07-20,80000,Department_6
Susan,Dickson,2020-09-04,65000,Department_5
Mollie,Boyle,2020-02-12,80000,Department_3
Alma,Mcintosh,2020-09-15,50000,Department_2
Addie,Bruce,2019-11-08,55000,Department_6
Georgia,Mclaughlin,2020-07-06,60000,Department_9
Eliza,Mckay,2019-05-20,100000,Department_9
Lulu,Christie,2019-04-07,60000,Department_3
Nannie,Mcintyre,2020-04-13,50000,Department_3
Lottie,Whyte,2019-04-27,85000,Department_3
Amanda,Alexander,2019-10-14,85000,Department_5
Belle,Blair,2020-01-17,55000,Department_8
Charlotte,Mackie,2019-11-12,80000,Department_4
Rebecca,Maclean,2019-08-17,50000,Department_1
Ruth,Hay,2020-01-11,65000,Department_3
Viola,Jamieson,2020-11-24,60000,Department_9
Olive,Hill,2019-08-22,60000,Department_4
Amelia,Moore,2020-05-22,90000,Department_7
Hannah,O'Neill,2020-08-01,110000,Department_6
Jane,Findlay,2020-10-11,65000,Department_6
Virginia,Mcgregor,2020-03-26,75000,Department_6
Emily,Adams,2020-04-29,85000,Department_1
Matilda,Lindsay,2019-04-05,50000,Department_8
Irene,Rae,2019-12-24,75000,Department_9
Kathryn,Weir,2019-11-17,65000,Department_1
Esther,Currie,2019-03-02,65000,Department_2
Willie,Boyd,2020-11-28,115000,Department_2
Henrietta,Forbes,2020-06-02,40000,Department_9
Ollie,Mcleod,2020-08-06,45000,Department_5
Amy,Reilly,2020-03-30,95000,Department_4
Rachel,Aitken,2019-04-22,80000,Department_2
Sara,Johnson,2019-04-17,110000,Department_4
Estella,Turner,2020-08-28,115000,Department_3
Theresa,Donaldson,2019-04-12,85000,Department_5
Augusta,Donnelly,2019-01-24,55000,Department_7
Ora,Nicol,2019-09-29,55000,Department_4
Pauline,Ward,2019-03-05,115000,Department_2
Josie,Buchanan,2020-10-23,80000,Department_3
Lola,Barr,2019-08-04,95000,Department_8
Sophia,Mcfarlane,2019-01-27,85000,Department_3
Leona,Ramsay,2019-02-25,75000,Department_9
Anne,Mcculloch,2019-10-02,50000,Department_5
Mildred,Hall,2019-09-26,80000,Department_3
Ann,Robinson,2019-05-22,80000,Department_8
Beulah,Cooper,2019-09-27,85000,Department_8
Callie,Ali,2019-03-30,60000,Department_8
Lou,Lawson,2020-12-07,115000,Department_2
Delia,Quinn,2019-01-04,105000,Department_3
Eleanor,Green,2019-01-22,60000,Department_1
Barbara,Collins,2020-11-24,95000,Department_9
Iva,Armstrong,2020-06-12,100000,Department_4
Louisa,Duffy,2020-12-23,85000,Department_4
Maria,Beattie,2020-07-10,65000,Department_5
Mayme,Cairns,2019-12-09,90000,Department_4
Evelyn,Logan,2020-07-04,65000,Department_8
Estelle,Mccallum,2019-05-05,105000,Department_9
Nina,Mcewan,2019-06-24,75000,Department_7
Betty,Chalmers,2019-11-16,110000,Department_5
Marion,Hogg,2019-02-13,70000,Department_7
Bettie,Gallacher,2019-11-21,115000,Department_9
Dorothy,Irvine,2019-08-26,110000,Department_2
Luella,Cowan,2019-08-25,105000,Department_3
Inez,Forsyth,2020-06-24,65000,Department_4
Lela,Hutchison,2020-05-05,80000,Department_4
Rosie,O'Donnell,2019-12-13,80000,Department_7
Allie,Rennie,2019-11-04,55000,Department_5
Millie,Mclaren,2020-10-15,70000,Department_8
Janie,Cook,2020-10-17,55000,Department_2
Cornelia,Roberts,2020-01-03,95000,Department_7
Victoria,Webster,2019-12-15,105000,Department_4
Ruby,Macpherson,2020-12-22,65000,Department_2
Winifred,Mcallister,2019-07-13,65000,Department_2
Alta,Thomas,2019-08-22,85000,Department_3
Celia,Gallagher,2020-10-25,100000,Department_9
Christine,Kane,2020-07-18,40000,Department_8
Beatrice,Richardson,2019-08-21,105000,Department_9
Birdie,Hendry,2019-04-14,40000,Department_2
Harriett,Paton,2020-03-17,95000,Department_6
Mable,Strachan,2020-06-03,110000,Department_3
Myra,Morgan,2020-06-09,55000,Department_9
Sophie,Stephen,2019-03-19,80000,Department_4
Tillie,Ahmed,2019-12-26,85000,Department_1
Isabel,Baird,2019-09-15,70000,Department_5
Sylvia,Dunn,2020-12-09,60000,Department_8
Carolyn,Todd,2019-09-19,60000,Department_4
Isabelle,Robb,2019-08-20,45000,Department_8
Leila,Clarke,2019-12-23,60000,Department_4
Sally,Welsh,2020-01-20,80000,Department_6
Ina,Morris,2019-01-21,70000,Department_3
Essie,Murdoch,2020-01-13,55000,Department_4
Bertie,Bain,2020-09-09,45000,Department_7
Nell,Evans,2020-07-07,85000,Department_5
Alberta,Mccann,2019-07-27,110000,Department_4
Katharine,Buchan,2019-08-31,105000,Department_5
Lora,Harrison,2019-10-06,45000,Department_1
Rena,Davies,2020-08-06,80000,Department_9
Mina,Gilmour,2019-04-02,95000,Department_5
Rhoda,Orr,2019-01-25,110000,Department_6
Mathilda,Stuart,2019-12-20,50000,Department_9
Abbie,Baxter,2019-11-03,85000,Department_9
Eula,Forrest,2019-05-10,65000,Department_3
Dollie,Bennett,2019-10-10,55000,Department_8
Hettie,Mcpherson,2019-04-20,100000,Department_2
Eunice,Moffat,2019-05-22,50000,Department_8
Fanny,Morton,2019-07-07,80000,Department_8
Ola,Gibb,2019-11-06,100000,Department_6
Lenora,Drummond,2019-01-05,65000,Department_9
Adelaide,Law,2019-05-22,55000,Department_3
Christina,Mcdougall,2019-02-15,110000,Department_8
Lelia,Mckenna,2020-04-06,70000,Department_4
Nelle,Mullen,2019-11-08,50000,Department_1
Sue,Spence,2019-04-20,105000,Department_8
Johanna,Tait,2020-08-20,75000,Department_8
Lilly,Harvey,2020-08-19,65000,Department_8
Lucinda,Mcgowan,2020-11-16,90000,Department_5
Minerva,Nelson,2019-02-22,115000,Department_5
Lettie,Turnbull,2020-08-01,75000,Department_1
Roxie,Gillespie,2020-05-06,65000,Department_1
Cynthia,Greig,2020-09-21,85000,Department_1
Helena,Harris,2019-08-16,90000,Department_2
Hilda,Higgins,2019-03-04,65000,Department_3
Hulda,Houston,2019-12-02,45000,Department_3
Bernice,Khan,2019-12-08,45000,Department_6
Genevieve,Patterson,2020-01-23,115000,Department_7
Jean,Dawson,2020-07-16,85000,Department_9
Cordelia,Inglis,2020-02-10,60000,Department_7
Marian,Innes,2019-03-30,55000,Department_8
Francis,Laird,2019-07-07,115000,Department_3
Jeanette,Macfarlane,2019-05-19,80000,Department_8
Adeline,Phillips,2020-08-08,115000,Department_7
Gussie,Steele,2020-07-21,90000,Department_4
Leah,Pollock,2020-03-25,115000,Department_1
Lois,Maxwell,2020-01-30,110000,Department_3
Lura,Park,2019-09-02,105000,Department_4
Mittie,Singh,2019-06-09,45000,Department_1
Hallie,Donald,2020-10-07,80000,Department_8
Isabella,Lee,2019-10-12,90000,Department_1
Olga,Lewis,2019-01-19,115000,Department_5
Phoebe,Lynch,2019-11-08,100000,Department_1
Teresa,Barclay,2020-10-04,80000,Department_5
Hester,Edwards,2020-05-12,80000,Department_7
Lida,Jack,2020-01-21,85000,Department_9
Lina,Mcarthur,2020-02-25,100000,Department_3
Winnie,Mcphee,2020-08-05,85000,Department_1
Claudia,O'Brien,2019-10-07,55000,Department_7
Marguerite,Pearson,2019-06-15,80000,Department_1
Vera,Hannah,2020-12-01,60000,Department_9
Cecelia,Mcbride,2020-04-28,85000,Department_5
Bess,Parker,2019-02-18,45000,Department_9
Emilie,Doherty,2020-06-25,105000,Department_6
John,Laing,2019-02-25,75000,Department_1
Rosetta,Allison,2020-05-09,105000,Department_5
Verna,Cochrane,2020-05-07,105000,Department_1
Myrtie,Fisher,2020-12-20,65000,Department_2
Cecilia,Little,2019-05-23,75000,Department_7
Elva,Mackinnon,2020-08-25,95000,Department_4
Olivia,Wilkie,2019-09-18,65000,Department_9
Ophelia,Harper,2020-05-28,65000,Department_5
Georgie,Rankin,2019-09-30,105000,Department_2
Elnora,Sharp,2020-07-29,100000,Department_6
Violet,Mcmahon,2020-09-29,75000,Department_5
Adele,Swan,2020-04-11,85000,Department_1
Lily,Cassidy,2020-07-15,75000,Department_3
Linnie,Farrell,2019-10-01,115000,Department_8
Loretta,Sneddon,2019-10-25,70000,Department_4
Madge,Dick,2019-01-19,55000,Department_9
Polly,Woods,2019-11-05,60000,Department_5
Virgie,Adam,2019-02-28,110000,Department_3
Eugenia,Bradley,2019-12-17,50000,Department_8
Lucile,Leslie,2019-12-26,80000,Department_7
Lucille,Mcguire,2020-03-11,90000,Department_8
Mabelle,Baillie,2020-04-27,90000,Department_7
Rosalie,Cowie,2020-03-02,100000,Department_3
Kittie,Downie,2020-03-01,115000,Department_7
Meta,Macgregor,2019-01-30,95000,Department_8
Angie,Sweeney,2020-05-19,115000,Department_4
Dessie,Cumming,2019-01-27,90000,Department_7
Georgiana,Elliott,2019-06-02,100000,Department_7
Lila,Moir,2020-01-13,55000,Department_8
Regina,Montgomery,2019-01-19,80000,Department_2
Selma,Porter,2019-09-01,40000,Department_9
Wilhelmina,Mcneill,2019-09-09,55000,Department_1
Bridget,Nicholson,2020-04-26,115000,Department_3
Lilla,Shields,2019-11-11,85000,Department_3
Malinda,Mills,2019-06-06,50000,Department_7
Vina,Burnett,2019-09-01,70000,Department_9
Freda,Galloway,2019-02-12,50000,Department_4
Gertie,Main,2019-11-04,45000,Department_9
Jeannette,Mccabe,2020-03-24,50000,Department_9
Louella,Mcghee,2019-12-07,50000,Department_3
Mandy,Nisbet,2019-11-10,110000,Department_7
Roberta,Coyle,2019-12-22,110000,Department_2
Cassie,Gardner,2019-06-30,115000,Department_2
Corinne,Gillies,2019-02-04,90000,Department_3
Ivy,Lamont,2020-02-13,80000,Department_8
Melissa,Lang,2020-10-09,95000,Department_5
Lyda,Macmillan,2020-01-20,70000,Department_1
Naomi,Stirling,2019-03-24,50000,Department_5
Norma,Doyle,2020-04-01,60000,Department_4
Bell,Dunlop,2020-12-12,75000,Department_9
Margie,Mason,2020-10-04,55000,Department_4
Nona,Petrie,2020-07-19,40000,Department_8
Zella,Pirie,2020-09-10,70000,Department_2
Dovie,Davis,2020-11-11,70000,Department_7
Elvira,Holmes,2020-07-16,80000,Department_7
Erma,Hardie,2020-09-20,50000,Department_4
Irma,Hussain,2019-01-10,75000,Department_9
Leota,Mcconnell,2020-08-25,40000,Department_6
William,Noble,2020-04-07,40000,Department_2
Artie,Fox,2020-02-13,50000,Department_1
Blanch,Gardiner,2020-02-27,75000,Department_8
Charity,Halliday,2020-02-19,80000,Department_2
Lorena,Love,2019-11-04,40000,Department_6
Lucretia,Rodger,2020-02-19,110000,Department_2
Orpha,Shearer,2019-08-29,85000,Department_1
Alvina,Shepherd,2019-04-01,65000,Department_4
Annette,Sim,2020-06-16,85000,Department_7
Catharine,Milligan,2020-03-07,90000,Department_4
Elma,Reynolds,2020-04-05,60000,Department_7
Geneva,Duff,2020-01-26,80000,Department_1
Janet,Howie,2020-10-11,55000,Department_2
Lee,Knox,2019-04-21,80000,Department_6
Leora,Allen,2019-02-10,95000,Department_6
Lona,Baker,2020-03-12,65000,Department_8
Miriam,Devine,2019-05-20,100000,Department_9
Zora,Dow,2019-10-18,85000,Department_2
Linda,Mccormack,2019-01-30,60000,Department_8
Octavia,Middleton,2020-04-11,115000,Department_8
Sudie,Nicolson,2020-03-22,65000,Department_2
Zula,Connelly,2019-08-07,80000,Department_9
Adella,Carson,2019-03-22,115000,Department_1
Alpha,Falconer,2020-07-26,95000,Department_9
Frieda,Foster,2020-06-04,105000,Department_4
George,Lamb,2019-05-09,80000,Department_9
Joanna,Maclennan,2019-03-31,85000,Department_6
Leonora,Macrae,2020-01-30,95000,Department_7
Priscilla,Smart,2020-11-14,60000,Department_3
Tennie,Steel,2020-01-26,100000,Department_4
Angeline,Urquhart,2020-05-06,95000,Department_9
Docia,Carr,2019-05-28,110000,Department_7
Ettie,Carroll,2019-03-17,60000,Department_8
Flossie,Flynn,2020-07-21,85000,Department_9
Hanna,Hutton,2019-08-18,55000,Department_4
Letha,Malcolm,2020-03-19,75000,Department_4
Minta,Mclachlan,2020-04-23,65000,Department_2
Retta,Cruickshank,2020-06-27,70000,Department_9
Rosella,Devlin,2020-07-19,50000,Department_2
Adah,Geddes,2020-07-27,45000,Department_2
Berta,Gilchrist,2019-01-04,55000,Department_6
Elisabeth,Gunn,2019-05-25,110000,Department_5
Elise,Kidd,2019-07-22,105000,Department_6
Goldie,Adamson,2020-03-01,80000,Department_2
Leola,Elder,2019-05-05,90000,Department_3
Margret,Hart,2020-09-16,50000,Department_6
Adaline,Livingstone,2020-04-12,85000,Department_8
Floy,Mann,2019-09-05,45000,Department_6
Idella,Manson,2019-11-04,50000,Department_6
Juanita,Mccafferty,2019-08-22,45000,Department_6
Lenna,Monaghan,2019-01-13,80000,Department_8
Lucie,Jenkins,2020-07-06,115000,Department_5
Missouri,Low,2020-02-20,70000,Department_3
Nola,Mccormick,2020-10-31,55000,Department_1
Zoe,Roy,2020-03-10,65000,Department_4
Eda,Walsh,2019-09-08,95000,Department_2
Isabell,Wylie,2020-07-17,80000,Department_9
James,Brady,2020-01-02,105000,Department_4
Julie,Bryce,2019-04-09,90000,Department_9
Letitia,Carmichael,2020-07-15,75000,Department_9
Madeline,Ellis,2019-09-18,80000,Department_1
Malissa,Fulton,2019-03-14,105000,Department_2
Mariah,Mcdowall,2020-10-26,40000,Department_2
Pattie,Ballantyne,2019-04-12,110000,Department_9
Vivian,Byrne,2020-02-12,45000,Department_9
Almeda,Mair,2019-05-03,110000,Department_4
Aurelia,Mckinnon,2019-06-20,95000,Department_3
Claire,Barnes,2020-07-04,95000,Department_1
Dolly,Henry,2020-04-21,110000,Department_1
Hazel,Hood,2020-09-13,95000,Department_7
Jannie,Matheson,2020-04-17,115000,Department_4
Kathleen,Beveridge,2019-10-02,50000,Department_4
Kathrine,Bremner,2020-10-28,110000,Department_9
Lavinia,Burke,2019-08-06,55000,Department_5
Marietta,Cox,2020-11-28,85000,Department_4
Melvina,Finlay,2019-03-27,40000,Department_5
Ona,Hepburn,2020-12-30,110000,Department_2
Pinkie,James,2019-08-10,55000,Department_3
Samantha,Mclellan,2020-04-13,100000,Department_3
Susanna,Robson,2019-04-12,100000,Department_6
Chloe,West,2019-09-22,95000,Department_1
Donnie,Connolly,2020-03-10,75000,Department_5
Elsa,Gill,2019-09-04,65000,Department_7
Gladys,Kaur,2020-05-15,60000,Department_8
Matie,Lawrie,2020-06-10,115000,Department_7
Pearle,Mcgill,2019-08-10,75000,Department_1
Vesta,Rooney,2019-09-08,70000,Department_8
Vinnie,Barrie,2020-09-30,100000,Department_4
Antoinette,Chapman,2020-06-23,55000,Department_9
Clementine,Curran,2019-02-13,70000,Department_9
Edythe,Dewar,2020-03-18,90000,Department_8
Harriette,Lowe,2019-06-15,85000,Department_4
Libbie,Mackintosh,2019-10-30,105000,Department_6
Lilian,Mcinnes,2019-03-02,90000,Department_9
Lue,O'Connor,2019-01-23,95000,Department_5
Lutie,Rodgers,2020-02-18,45000,Department_5
Magdalena,Butler,2020-10-16,75000,Department_6
Meda,Dunbar,2020-10-05,55000,Department_3
Rita,Gemmell,2020-09-05,80000,Department_6
Tena,Grieve,2019-04-18,95000,Department_4
Zelma,Kirkwood,2020-04-10,45000,Department_9
Adelia,Mcneil,2020-02-18,65000,Department_5
Annetta,Mooney,2020-08-16,50000,Department_9
Antonia,Neilson,2019-12-06,95000,Department_7
Dona,Palmer,2020-10-05,50000,Department_3
Elizebeth,Carter,2019-01-13,60000,Department_8
Georgianna,Dodds,2020-02-12,110000,Department_3
Gracie,Fitzpatrick,2020-03-12,100000,Department_7
Iona,Kirk,2020-09-30,110000,Department_1
Lessie,Mccoll,2020-11-14,45000,Department_8
Leta,Oliver,2019-04-10,80000,Department_4
Liza,Rutherford,2020-04-14,60000,Department_9
Mertie,Berry,2020-07-25,45000,Department_4
Molly,Calder,2019-12-07,75000,Department_8
Neva,Caldwell,2019-05-13,60000,Department_4
Oma,Mccartney,2020-02-16,60000,Department_8
Alida,Paul,2020-09-10,90000,Department_5
Alva,Daly,2019-07-24,100000,Department_2
Cecile,Gourlay,2019-12-26,75000,Department_8
Cleo,Guthrie,2019-12-17,50000,Department_8
Donna,Keenan,2020-04-04,80000,Department_2
Ellie,Mathieson,2020-09-30,65000,Department_6
Ernestine,Penman,2019-06-19,110000,Department_7
Evie,Price,2019-07-28,85000,Department_3
Frankie,Wilkinson,2019-01-26,75000,Department_3
Helene,Aitchison,2019-05-19,60000,Department_5
Minna,Barrett,2019-06-14,100000,Department_7
Myrta,Beaton,2020-01-10,70000,Department_1
Prudence,Burgess,2019-11-29,80000,Department_3
Queen,Connor,2019-05-12,85000,Department_7
Rilla,Easton,2020-04-24,80000,Department_5
Savannah,Fletcher,2019-05-30,55000,Department_4
Tessie,Frew,2019-09-24,75000,Department_6
Tina,Fyfe,2019-08-15,50000,Department_1
Agatha,Mckeown,2019-11-16,90000,Department_9
America,Andrews,2020-09-11,90000,Department_2
Anita,Cullen,2019-08-08,45000,Department_9
Arminta,Glen,2019-10-10,85000,Department_6
Dorothea,Jardine,2020-07-29,95000,Department_4
Ira,Lyon,2020-03-18,45000,Department_2
Luvenia,Mcmanus,2020-07-26,95000,Department_2
Marjorie,Menzies,2019-03-14,50000,Department_3
Maybelle,Moran,2019-02-03,70000,Department_6
Mellie,Mulholland,2019-01-21,80000,Department_1
Nan,Neil,2019-04-17,110000,Department_8
Pearlie,Rose,2019-09-08,110000,Department_4
Sidney,Speirs,2020-06-01,40000,Department_5
Velma,Cairney,2020-09-09,50000,Department_4
Clare,Ford,2019-05-20,80000,Department_9
Constance,Griffin,2019-08-10,65000,Department_4
Dixie,Lawrence,2019-02-15,50000,Department_5
Ila,Mckechnie,2020-10-23,95000,Department_7
Iola,Meldrum,2020-02-07,100000,Department_6
Jimmie,Sloan,2020-05-20,80000,Department_9
Louvenia,Brodie,2020-05-25,75000,Department_6
Lucia,Callaghan,2019-10-02,55000,Department_7
Ludie,Edgar,2020-02-28,85000,Department_3
Luna,Hope,2019-05-14,95000,Department_8
Metta,Hunt,2019-05-16,55000,Department_8
Patsy,Jordan,2019-07-01,75000,Department_2
Phebe,Knight,2019-03-15,75000,Department_3
Sophronia,Malone,2020-09-02,65000,Department_5
Adda,Mccall,2019-01-02,90000,Department_4
Avis,Small,2020-01-13,80000,Department_9
Betsy,Stark,2020-12-23,40000,Department_7
Bonnie,Barker,2019-09-12,40000,Department_1
Cecil,Bowman,2019-03-11,65000,Department_9
Cordie,Connell,2020-04-27,80000,Department_6
Emmaline,Coutts,2020-08-09,100000,Department_7
Ethelyn,Finlayson,2019-11-28,40000,Department_9
Hortense,Fowler,2020-12-07,110000,Department_6
June,Galbraith,2020-08-10,55000,Department_7
Louie,Leitch,2019-07-26,70000,Department_8
Lovie,Napier,2019-03-20,60000,Department_9
Marcella,O'Hara,2019-03-24,85000,Department_6
Melinda,Thom,2020-05-23,55000,Department_4
Mona,Waddell,2020-02-16,40000,Department_1
Odessa,Archibald,2019-07-25,100000,Department_2
Veronica,Chisholm,2020-05-09,55000,Department_1
Aimee,Ingram,2020-08-31,85000,Department_2
Annabel,Kyle,2020-10-22,85000,Department_4
Ava,Macinnes,2020-03-17,75000,Department_2
Bella,Mckinlay,2020-02-10,55000,Department_1
Carolina,Mcqueen,2020-12-24,50000,Department_5
Cathrine,Ramage,2019-11-10,75000,Department_4
Christena,Ewing,2020-10-22,80000,Department_1
Clyde,Farquhar,2019-11-02,40000,Department_8
Dena,Horne,2019-01-25,100000,Department_7
Dolores,Lorimer,2019-08-11,40000,Department_3
Eleanore,Matthews,2020-10-18,45000,Department_6
Elmira,Mcnab,2019-09-03,80000,Department_3
Fay,Nicoll,2019-02-14,60000,Department_5
Frank,Potter,2020-06-25,115000,Department_3
Jenny,Rafferty,2020-09-03,75000,Department_1
Kizzie,Riddell,2020-08-18,80000,Department_7
Lonnie,Blyth,2019-11-01,105000,Department_6
Loula,Bryson,2020-11-23,40000,Department_6
Magdalene,Kay,2020-04-16,100000,Department_4
Mettie,Kemp,2020-09-30,80000,Department_2
Mintie,Mclaughlan,2019-07-01,110000,Department_8
Peggy,Meikle,2019-07-05,105000,Department_7
Reba,Skinner,2019-12-17,60000,Department_6
Serena,Whitelaw,2019-01-18,45000,Department_9
Vida,Hodge,2019-02-18,55000,Department_9
Zada,Maciver,2020-07-17,85000,Department_1
Abigail,Mcdermott,2019-04-16,105000,Department_6
Celestine,Waugh,2019-07-11,105000,Department_5
Celina,Agnew,2020-02-02,45000,Department_5
Claudie,Atkinson,2020-07-09,95000,Department_3
Clemmie,Bowie,2019-09-22,80000,Department_7
Connie,Conway,2020-06-27,85000,Department_3
Daisie,Drysdale,2020-04-27,65000,Department_6
Deborah,Goldie,2020-12-08,50000,Department_2
Dessa,Mcdade,2020-04-27,75000,Department_3
Easter,Mcfadyen,2019-07-21,85000,Department_3
Eddie,Mckee,2020-06-01,90000,Department_8
Emelia,Melville,2019-09-15,85000,Department_2
Emmie,O'Neil,2020-07-19,40000,Department_5
Imogene,Angus,2020-02-02,60000,Department_5
India,Brennan,2019-12-26,95000,Department_7
Jeanne,Carruthers,2019-03-24,90000,Department_4
Joan,Holland,2019-05-20,65000,Department_4
Lenore,Hume,2019-09-11,65000,Department_4
Liddie,Mccluskey,2019-03-13,115000,Department_3
Lotta,Mohammed,2019-03-08,50000,Department_2
Mame,Richards,2020-04-10,110000,Department_6
Nevada,Ahmad,2019-10-22,75000,Department_8
Rachael,Burton,2020-02-04,115000,Department_2
Sina,Frame,2020-07-30,65000,Department_4
Willa,Griffiths,2019-03-10,115000,Department_3
Aline,Irving,2020-03-02,105000,Department_9
Beryl,Laidlaw,2019-11-23,65000,Department_9
Charles,Macintyre,2019-03-13,110000,Department_9
Daisey,Marr,2019-11-17,65000,Department_3
Dorcas,Neill,2019-07-03,75000,Department_3
Edmonia,Prentice,2019-12-08,80000,Department_6
Effa,Ryan,2020-12-09,110000,Department_9
Eldora,Shanks,2020-07-02,80000,Department_4
Eloise,Traynor,2020-06-11,70000,Department_2
Emmer,Cummings,2019-05-17,70000,Department_6
Era,Doig,2019-10-14,115000,Department_8
Gena,Jeffrey,2019-06-15,70000,Department_6
Henry,Lees,2020-03-23,105000,Department_9
Iris,Masson,2020-12-02,75000,Department_7
Izora,Mcguinness,2019-06-27,65000,Department_4
Lennie,Meechan,2019-11-24,40000,Department_4
Lissie,Muirhead,2020-12-06,75000,Department_4
Mallie,Newlands,2019-10-11,40000,Department_7
Malvina,Nimmo,2019-02-04,45000,Department_6
Mathilde,Slater,2020-02-10,55000,Department_3
Mazie,Wishart,2020-05-05,80000,Department_7
Queenie,Barbour,2020-01-08,105000,Department_1
Robert,Crichton,2019-04-24,65000,Department_1
Rosina,Lyons,2020-01-04,55000,Department_7
Salome,Mcgovern,2019-03-03,95000,Department_1
Theodora,Mcvey,2020-01-03,40000,Department_1
Therese,Porteous,2020-10-09,80000,Department_6
Vena,Andrew,2019-12-22,115000,Department_3
Wanda,Davie,2019-07-10,55000,Department_1
Wilda,Gorman,2019-11-12,65000,Department_5
Altha,Harkins,2020-12-30,110000,Department_6
Anastasia,Hayes,2019-06-16,85000,Department_9
Besse,Niven,2020-07-29,60000,Department_4
Bird,Owen,2020-08-22,60000,Department_7
Birtie,Owens,2019-05-10,105000,Department_2
Clarissa,Shand,2019-06-01,115000,Department_2
Claude,Sullivan,2019-07-09,60000,Department_1
Delilah,Wells,2020-02-03,100000,Department_1
Diana,Bailey,2020-08-28,115000,Department_6
Emelie,Booth,2019-09-27,75000,Department_7
Erna,Ferrier,2019-01-25,60000,Department_4
Fern,Gow,2019-02-06,70000,Department_9
Florida,Macdougall,2020-01-30,50000,Department_5
Frona,Mcaulay,2019-08-18,55000,Department_7
Hilma,Mccracken,2020-01-05,50000,Department_3
Joseph,Mcgrath,2020-02-23,110000,Department_2
Juliet,Philip,2020-06-08,45000,Department_8
Leonie,Brooks,2020-04-06,50000,Department_2
Lugenia,Burt,2019-04-16,90000,Department_4
Mammie,Carlin,2019-09-23,65000,Department_1
Manda,Dixon,2019-11-07,100000,Department_1
Manerva,Dolan,2020-07-23,105000,Department_1
Manie,Dougan,2020-11-16,85000,Department_3
Nella,Forrester,2019-08-12,110000,Department_4
Paulina,Kenny,2020-04-05,40000,Department_4
Philomena,Lockhart,2020-07-10,115000,Department_6
Rae,Lumsden,2019-02-04,100000,Department_4
Selina,Rogers,2019-08-12,50000,Department_2
Sena,Somerville,2019-04-21,115000,Department_5
Theodosia,Stoddart,2019-08-29,65000,Department_1
Tommie,Chambers,2019-06-03,50000,Department_2
Una,Dalziel,2019-08-29,110000,Department_6
Vernie,Dempsey,2020-01-05,95000,Department_4
Adela,Duguid,2020-06-16,110000,Department_4
Althea,Keith,2020-08-13,90000,Department_3
Amalia,Rattray,2019-04-20,80000,Department_9
Amber,Banks,2020-01-02,90000,Department_9
Angelina,Blake,2019-11-27,85000,Department_2
Annabelle,Coleman,2020-07-08,50000,Department_5
Anner,Colquhoun,2020-05-09,40000,Department_7
Arie,Corbett,2020-06-02,60000,Department_2
Clarice,Duthie,2019-06-06,95000,Department_6
Corda,Goodwin,2020-04-25,75000,Department_2
Corrie,Kilpatrick,2019-02-16,75000,Department_5
Dell,Lafferty,2019-11-09,110000,Department_2
Dellar,Mcauley,2019-05-12,65000,Department_3
Donie,Mccutcheon,2019-01-10,65000,Department_1
Doris,Page,2019-02-11,40000,Department_8
Elda,Richmond,2019-09-15,115000,Department_9
Elinor,Smillie,2020-12-25,100000,Department_8
Emeline,Summers,2019-04-28,45000,Department_9
Emilia,Arthur,2019-02-03,55000,Department_9
Esta,Blackwood,2020-03-22,105000,Department_2
Estell,Cockburn,2020-04-08,115000,Department_6
Etha,Dempster,2020-05-08,45000,Department_9
Fred,Howard,2019-04-22,80000,Department_8
Hope,Kirkpatrick,2019-07-13,55000,Department_2
Indiana,Macaulay,2019-04-25,110000,Department_6
Ione,Madden,2020-08-15,115000,Department_7
Jettie,Maguire,2019-07-22,95000,Department_4
Johnnie,Mcnair,2020-01-29,60000,Department_3
Josiephine,Mcwilliam,2020-08-03,50000,Department_2
Kitty,Patrick,2020-07-18,65000,Department_5
Lavina,Payne,2020-08-16,50000,Department_3
Leda,Peacock,2020-04-06,85000,Department_4
Letta,Powell,2020-05-21,75000,Department_3
Mahala,Thorburn,2020-03-26,90000,Department_6
Marcia,Bird,2020-07-11,65000,Department_8
Margarette,Crosbie,2020-08-30,95000,Department_5
Maudie,Glover,2020-09-01,110000,Department_3
Maye,Keir,2019-03-24,105000,Department_2
Norah,Mcadam,2019-05-28,100000,Department_6
Oda,Mccreadie,2020-04-21,55000,Department_2
Patty,Mclauchlan,2019-02-03,115000,Department_4
Paula,Mcmaster,2019-05-11,65000,Department_7
Permelia,Mcnaughton,2019-05-22,50000,Department_6
Rosalia,Mercer,2020-01-15,60000,Department_6
Roxanna,O'Rourke,2019-10-23,75000,Department_5
Sula,Rice,2020-06-14,115000,Department_3
Vada,Saunders,2020-12-10,65000,Department_1
Winnifred,Telfer,2019-03-28,70000,Department_7
Adline,Arnott,2019-09-13,115000,Department_6
Almira,Barron,2020-10-06,110000,Department_1
Alvena,Canning,2019-10-02,75000,Department_5
Arizona,Cannon,2019-10-22,105000,Department_7
Becky,Elliot,2019-02-24,115000,Department_9
Bennie,Healy,2019-01-28,90000,Department_7
Bernadette,Hutchinson,2020-01-06,55000,Department_9
Camille,Lennon,2020-03-31,90000,Department_2
Cordia,Macphail,2019-10-02,85000,Department_5
Corine,Mcalpine,2019-10-02,85000,Department_8
Dicie,Mcginley,2019-01-23,60000,Department_2
Dove,Mcinally,2019-03-31,80000,Department_9
Drusilla,Mcnally,2020-10-07,40000,Department_5
Elena,Pringle,2019-07-03,45000,Department_8
Elenora,Samson,2020-08-22,85000,Department_5
Elmina,Semple,2020-12-03,75000,Department_7
Ethyl,Strang,2019-08-04,90000,Department_7
Evalyn,Valentine,2020-02-13,65000,Department_2
Evelina,Webb,2020-03-02,55000,Department_5
Faye,Birrell,2019-05-31,100000,Department_2
Huldah,Cross,2019-08-25,55000,Department_5
Idell,Dickie,2020-08-28,65000,Department_3
Inga,Finnie,2020-03-06,60000,Department_2
Irena,Fotheringham,2019-10-21,110000,Department_6
Jewell,Garden,2020-10-30,85000,Department_8
Kattie,Greer,2019-03-11,115000,Department_2
Lavenia,Haddow,2020-02-26,45000,Department_4
Leslie,Harley,2019-04-17,65000,Department_3
Lovina,Lambie,2020-08-01,60000,Department_8
Lulie,Linton,2020-09-26,110000,Department_6
Magnolia,Mcclure,2020-05-05,45000,Department_8
Margeret,Mcleish,2019-06-11,55000,Department_1
Margery,O'Hare,2019-06-13,95000,Department_4
Media,Perry,2020-03-28,55000,Department_3
Millicent,Slaven,2020-01-02,85000,Department_3
Nena,Smyth,2019-06-17,60000,Department_1
Ocie,Steven,2019-02-13,100000,Department_8
Orilla,Austin,2020-05-05,75000,Department_1
Osie,Clarkson,2020-05-12,60000,Department_5
Pansy,Cuthbert,2019-03-29,65000,Department_8
Ray,Ewen,2019-06-24,70000,Department_3
Rosia,Gilbert,2019-04-01,40000,Department_8
Rowena,Glass,2020-04-16,45000,Department_1
Shirley,Hastie,2019-03-04,85000,Department_6
Tabitha,Hyslop,2020-10-05,105000,Department_8
Thomas,Ireland,2019-01-01,55000,Department_4
Verdie,Lamond,2020-10-22,65000,Department_4
Walter,May,2019-12-06,60000,Department_5
Zetta,Mccarthy,2019-08-06,60000,Department_8
Zoa,Mcgee,2020-03-22,45000,Department_2
Zona,Mckie,2019-05-06,80000,Department_7
Albertina,Bisset,2019-03-03,100000,Department_8
Albina,Brownlie,2020-06-12,55000,Department_9
Alyce,Casey,2019-09-03,105000,Department_8
Amie,Clelland,2019-01-29,80000,Department_6
Angela,Fairley,2020-10-24,115000,Department_8
Annis,George,2019-12-27,100000,Department_8
Carol,Gillan,2020-02-26,45000,Department_1
Carra,Lennox,2019-02-07,100000,Department_5
Clarence,Mcnicol,2020-12-25,110000,Department_9
Clarinda,Mcquade,2019-01-01,50000,Department_9
Delphia,Mcshane,2019-02-22,105000,Department_9
Dillie,Mctaggart,2020-08-29,75000,Department_4
Doshie,Ogilvie,2019-11-02,75000,Department_1
Drucilla,Preston,2019-07-27,70000,Department_2
Etna,Quigley,2020-03-20,90000,Department_2
Eugenie,Ralston,2020-03-25,100000,Department_2
Eulalia,Savage,2019-09-02,55000,Department_7
Eve,Scobie,2019-08-18,70000,Department_3
Felicia,Sharkey,2020-07-10,65000,Department_3
Florance,Stevens,2019-10-29,80000,Department_2
Fronie,Townsley,2019-09-25,80000,Department_2
Geraldine,Auld,2019-04-08,55000,Department_7
Gina,Beck,2019-08-12,110000,Department_4
Glenna,Binnie,2020-06-24,55000,Department_3
Grayce,Brannan,2020-07-26,85000,Department_8
Hedwig,Cormack,2020-11-03,45000,Department_2
Jessica,Crombie,2019-08-23,50000,Department_5
Jossie,Dyer,2020-12-02,65000,Department_3
Katheryn,Erskine,2019-05-12,50000,Department_2
Katy,Farquharson,2020-09-18,115000,Department_6
Lea,French,2020-08-16,65000,Department_6
Leanna,Harkness,2020-02-18,65000,Department_9
Leitha,Hassan,2020-06-09,90000,Department_3
Leone,Kirkland,2020-09-12,70000,Department_6
Lidie,Massie,2020-04-23,110000,Department_9
Loma,Mcgarry,2019-12-16,105000,Department_8
Lular,Michie,2020-12-13,75000,Department_9
Magdalen,Purdie,2019-02-27,115000,Department_6
Maymie,Sangster,2020-03-25,90000,Department_5
Minervia,Tennant,2020-11-07,40000,Department_5
Muriel,Thain,2019-10-16,80000,Department_1
Neppie,Tierney,2019-03-25,50000,Department_6
Olie,Wyllie,2019-01-25,100000,Department_9
Onie,Akhtar,2019-08-29,110000,Department_4
Osa,Balfour,2020-10-15,115000,Department_8
Otelia,Barnett,2019-01-05,45000,Department_2
Paralee,Barton,2019-01-01,40000,Department_3
Patience,Begg,2020-03-17,95000,Department_7
Rella,Corrigan,2020-01-31,95000,Department_5
Rillie,Friel,2020-08-18,65000,Department_7
Rosanna,Grierson,2020-05-29,65000,Department_4
Theo,Hopkins,2020-05-27,70000,Department_8
Tilda,Laurie,2020-12-01,100000,Department_1
Tishie,Leask,2020-01-09,105000,Department_4
Tressa,Leonard,2019-10-26,115000,Department_9
Viva,Lynn,2019-10-24,55000,Department_1
Yetta,Macphee,2020-08-01,95000,Department_1
Zena,Mcbain,2019-07-07,60000,Department_3
Zola,Mcgrory,2019-03-25,50000,Department_4
Abby,Mchugh,2020-07-22,55000,Department_7
Aileen,Mclennan,2020-03-16,95000,Department_8
Alba,Proctor,2019-08-18,90000,Department_3
Alda,Tulloch,2020-03-25,105000,Department_9
Alla,Ball,2019-01-28,50000,Department_6
Alverta,Borthwick,2019-05-07,55000,Department_8
Ara,Brand,2020-09-03,90000,Department_8
Ardelia,Chen,2019-06-06,90000,Department_5
Ardella,Cole,2019-09-21,70000,Department_6
Arrie,Dale,2020-08-07,115000,Department_7
Arvilla,Deans,2020-04-30,85000,Department_5
Augustine,Eadie,2019-07-02,40000,Department_2
Aurora,Gilfillan,2020-07-26,70000,Department_9
Bama,Iqbal,2020-12-02,60000,Department_3
Bena,Liddell,2020-11-23,40000,Department_6
Byrd,Mcclymont,2020-05-11,110000,Department_6
Calla,Mcconnachie,2019-08-10,90000,Department_2
Camilla,Mowat,2019-06-19,40000,Department_6
Carey,Nolan,2019-04-20,45000,Department_5
Carlotta,Peters,2020-10-24,95000,Department_6
Celestia,Sheridan,2020-04-15,65000,Department_8
Cherry,Souter,2020-05-04,80000,Department_4
Cinda,Walton,2020-09-05,75000,Department_2
Classie,Addison,2020-07-29,60000,Department_1
Claudine,Brunton,2020-07-07,50000,Department_5
Clemie,Bulloch,2020-04-24,115000,Department_2
Clifford,Coull,2020-08-24,100000,Department_6
Clyda,Dingwall,2019-01-20,55000,Department_8
Creola,Foley,2020-04-30,65000,Department_6
Debbie,Jarvie,2019-02-26,40000,Department_8
Dee,Joyce,2019-07-15,50000,Department_9
Dinah,Knowles,2020-11-22,45000,Department_8
Doshia,Lambert,2019-06-30,95000,Department_6
Ednah,Littlejohn,2019-02-25,70000,Department_9
Edyth,Mahmood,2019-07-20,85000,Department_7
Eleanora,Matthew,2019-09-25,105000,Department_3
Electa,Mckellar,2020-04-26,110000,Department_7
Eola,Mcphail,2019-02-21,100000,Department_9
Erie,Mcrae,2019-10-07,90000,Department_2
Eudora,Mcwilliams,2019-12-29,50000,Department_2
Euphemia,Newton,2020-04-26,90000,Department_7
Evalena,Nixon,2019-11-12,115000,Department_2
Evaline,Pearce,2020-11-18,50000,Department_7
Faith,Pettigrew,2019-04-18,50000,Department_1
Fidelia,Philp,2020-09-27,85000,Department_7
Freddie,Pratt,2019-06-27,45000,Department_2
Golda,Winton,2019-11-20,50000,Department_5
Harry,Aird,2019-12-30,75000,Department_1
Helma,Bradford,2019-08-12,115000,Department_1
Hermine,Cheyne,2019-02-24,45000,Department_2
Hessie,Day,2020-08-15,45000,Department_1
Ivah,Dryburgh,2019-01-05,55000,Department_7
Janette,Faulds,2019-03-06,80000,Department_8
Jennette,Fullerton,2020-01-20,105000,Department_3
Joella,Hanlon,2019-02-16,80000,Department_8
Kathryne,Heggie,2019-12-15,110000,Department_5
Lacy,Heron,2019-01-27,115000,Department_6
Lanie,Hudson,2019-09-27,80000,Department_8
Lauretta,Kearney,2019-08-27,95000,Department_6
Leana,Lauder,2019-09-08,110000,Department_3
Leatha,Lavery,2020-06-08,110000,Department_4
Leo,Leckie,2019-01-21,50000,Department_7
Liller,Morrice,2019-02-22,65000,Department_1
Lillis,Moss,2020-08-26,110000,Department_9
Louetta,Mutch,2020-11-02,40000,Department_3
Madie,Newman,2020-03-18,115000,Department_7
Mai,Purves,2020-12-25,90000,Department_1
Martina,Sanderson,2020-08-26,65000,Department_4
Maryann,Stone,2019-10-21,105000,Department_3
Melva,Watters,2020-02-05,105000,Department_7
Mena,Wotherspoon,2020-03-14,45000,Department_5
Mercedes,Benson,2020-10-21,100000,Department_6
Merle,Chan,2020-08-12,55000,Department_7
Mima,Copeland,2020-10-08,105000,Department_7
Minda,Cosgrove,2020-05-06,85000,Department_1
Monica,Cuthbertson,2020-11-17,105000,Department_7
Nealie,Dalgleish,2020-01-13,65000,Department_2
Netta,Jolly,2019-05-25,100000,Department_2
Nolia,Lister,2020-06-24,85000,Department_1
Nonie,Mccue,2020-02-14,100000,Department_3
Odelia,Mcfadden,2019-08-22,50000,Department_8
Ottilie,Mcghie,2020-06-11,110000,Department_2
Phyllis,Mcgoldrick,2019-05-01,65000,Department_5
Robbie,Mcknight,2020-12-17,85000,Department_5
Sabina,Melvin,2019-08-19,100000,Department_2
Sada,Nugent,2019-08-22,40000,Department_7
Sammie,Reed,2020-11-11,105000,Department_2
Suzanne,Renton,2020-11-24,50000,Department_3
Sybilla,Rowan,2019-10-09,65000,Department_5
Thea,Scotland,2020-04-25,45000,Department_3
Tressie,Swanson,2019-01-27,105000,Department_5
Vallie,Warren,2019-09-18,55000,Department_5
Venie,Armour,2019-05-20,75000,Department_3
Viney,Bishop,2019-04-13,100000,Department_8
Wilhelmine,Boyce,2019-06-18,60000,Department_3
Winona,Cooke,2019-06-05,60000,Department_1
Zelda,Coyne,2019-05-19,40000,Department_9
Zilpha,Crossan,2019-06-28,80000,Department_6
Adelle,Farmer,2019-10-10,115000,Department_6
Adina,Flett,2020-07-15,40000,Department_3
Adrienne,Hamill,2019-08-11,95000,Department_7
Albertine,Imrie,2019-06-14,100000,Department_2
Alys,Lucas,2020-06-05,45000,Department_9
Ana,Lyall,2019-09-03,100000,Department_6
Araminta,Mack,2020-05-12,80000,Department_9
Arthur,Maclachlan,2019-12-29,95000,Department_1
Birtha,Mcginty,2020-07-09,80000,Department_8
Bulah,Mcguigan,2020-04-18,50000,Department_1
Caddie,Mckelvie,2020-10-28,50000,Department_1
Celie,Mclelland,2019-09-14,90000,Department_4
Charlotta,Mcmullan,2020-10-12,110000,Department_2
Clair,Mcnamara,2019-10-09,65000,Department_2
Concepcion,Mcnee,2019-05-14,40000,Department_9
Cordella,Mearns,2020-03-16,110000,Department_8
Corrine,Osborne,2019-07-28,65000,Department_3
Delila,Shannon,2020-01-24,60000,Department_2
Delphine,Tweedie,2019-09-02,105000,Department_2
Dosha,Aslam,2020-05-14,45000,Department_3
Edgar,Borland,2020-09-29,110000,Department_5
Elaine,Briggs,2019-08-18,105000,Department_8
Elisa,Cleland,2020-09-30,65000,Department_5
Ellar,Costello,2020-05-18,80000,Department_4
Elmire,Darroch,2019-03-02,50000,Department_7
Elvina,Dean,2019-01-24,105000,Department_7
Ena,Emslie,2019-09-14,115000,Department_2
Estie,Flanagan,2019-06-24,100000,Department_2
Etter,Foy,2019-05-18,115000,Department_7
Fronnie,Gall,2020-01-08,50000,Department_8
Genie,Hewitt,2019-07-07,115000,Department_6
Georgina,Macaskill,2020-12-19,115000,Department_4
Glenn,Macgillivray,2019-02-01,80000,Department_9
Gracia,Magee,2019-09-13,40000,Department_8
Guadalupe,Mccourt,2020-07-11,100000,Department_4
Gwendolyn,Mcilroy,2020-01-15,95000,Department_8
Hassie,Mcmurray,2019-01-04,65000,Department_9
Honora,Mcnaught,2019-12-18,115000,Department_6
Icy,Melrose,2019-07-11,70000,Department_9
Isa,Monteith,2019-12-10,45000,Department_8
Isadora,Nairn,2020-01-07,95000,Department_5
Jesse,Potts,2019-10-09,65000,Department_5
Jewel,Provan,2020-12-26,40000,Department_5
Joe,Short,2020-01-29,100000,Department_1
Johannah,Walls,2020-04-19,75000,Department_1
Juana,Yates,2020-12-18,85000,Department_1
Judith,Brogan,2019-04-27,115000,Department_9
Judy,Carey,2019-01-25,100000,Department_4
Junie,Conroy,2019-02-27,80000,Department_8
Lavonia,Copland,2019-03-09,100000,Department_2
Lella,Coulter,2019-02-07,80000,Department_9
Lemma,Courtney,2019-01-18,40000,Department_5
Letty,Diamond,2020-07-14,80000,Department_4
Linna,Dobson,2019-02-20,40000,Department_8
Littie,Donnachie,2020-03-12,65000,Department_3
Lollie,Elrick,2020-09-24,45000,Department_4
Lorene,Fairbairn,2019-02-18,95000,Department_3
Louis,Gracie,2019-10-07,50000,Department_2
Love,Hainey,2019-03-31,45000,Department_3
Lovisa,Herd,2019-03-01,100000,Department_4
Lucina,Horsburgh,2019-04-27,75000,Department_7
Lynn,Kean,2019-03-30,105000,Department_8
Madora,Macarthur,2019-07-08,115000,Department_3
Mahalia,Macintosh,2020-02-08,70000,Department_1
Manervia,Maitland,2019-03-02,60000,Department_3
Manuela,Mckillop,2019-09-05,50000,Department_3
Margarett,Morrow,2019-07-06,90000,Department_1
Margaretta,Queen,2020-06-01,55000,Department_5
Margarita,Rollo,2020-08-20,40000,Department_7
Marilla,Spencer,2020-10-25,90000,Department_5
Mignon,Sturrock,2019-10-12,105000,Department_1
Mozella,Templeton,2020-01-17,45000,Department_8
Natalie,Thornton,2020-09-04,40000,Department_7
Nelia,Toner,2020-10-16,75000,Department_7
Nolie,Waters,2019-10-02,115000,Department_5
Omie,Whiteford,2020-08-18,90000,Department_6
Opal,Yule,2020-03-23,40000,Department_8
Ossie,Arshad,2019-11-16,70000,Department_5
Ottie,Blackburn,2019-03-15,40000,Department_9
Ottilia,Buckley,2019-11-12,45000,Department_7
Parthenia,Cargill,2020-03-06,50000,Department_5
Penelope,Coghill,2019-05-15,95000,Department_6
Pinkey,Dalrymple,2019-12-02,55000,Department_9
Pollie,Delaney,2019-08-23,55000,Department_1
Rennie,Dillon,2019-03-13,95000,Department_5
Reta,Dobbie,2020-02-22,85000,Department_4
Roena,Fagan,2020-03-30,105000,Department_2
Rosalee,Fenton,2020-05-04,65000,Department_6
Roseanna,Fenwick,2019-04-26,50000,Department_1
Ruthie,Glancy,2020-11-17,60000,Department_4
Sabra,Hadden,2020-03-22,45000,Department_6
Sannie,Hardy,2019-08-13,70000,Department_7
Selena,Harkin,2020-12-26,70000,Department_8
Sibyl,Hodgson,2020-02-23,65000,Department_6
Tella,Kinnear,2019-10-24,45000,Department_1
Tempie,Li,2020-03-11,95000,Department_7
Tennessee,Livingston,2019-05-30,105000,Department_5
Teressa,Long,2019-12-16,50000,Department_2
Texas,Macvicar,2019-10-10,60000,Department_7
Theda,Mcclung,2019-07-01,90000,Department_3
Thelma,Mcdaid,2019-10-27,100000,Department_9
Thursa,Mcgillivray,2020-01-27,85000,Department_1
Ula,Mcgurk,2019-12-09,95000,Department_6
Vannie,Mckean,2020-10-27,65000,Department_5
Verona,Mclay,2019-06-22,55000,Department_2
Vertie,Poole,2020-09-06,55000,Department_5
Wilma,Pritchard,2019-03-10,95000,Department_8
John,Ronald,2019-09-03,65000,Department_2
William,Skene,2020-11-14,45000,Department_2
James,Struthers,2019-08-13,50000,Department_9
Charles,Taggart,2020-01-08,40000,Department_2
George,Torrance,2020-09-21,105000,Department_1
Frank,Tough,2020-04-27,75000,Department_9
Joseph,Travers,2020-08-16,80000,Department_9
Thomas,Wheeler,2019-11-12,75000,Department_7
Henry,Wightman,2020-10-28,60000,Department_8
Robert,Yuill,2020-04-19,45000,Department_3
Edward,Abbott,2020-02-03,80000,Department_9
Harry,Archer,2019-08-11,55000,Department_9
Walter,Birnie,2020-12-13,75000,Department_4
Arthur,Bolton,2020-10-10,105000,Department_7
Fred,Browne,2019-05-08,115000,Department_1
Albert,Calderwood,2019-04-15,60000,Department_7
Samuel,Donoghue,2019-11-29,70000,Department_4
David,Forster,2020-11-14,115000,Department_5
Louis,Gaffney,2019-03-19,75000,Department_8
Joe,Gauld,2019-06-29,90000,Department_8
Charlie,Girvan,2020-10-03,40000,Department_2
Clarence,Glasgow,2019-12-01,115000,Department_2
Richard,Gormley,2020-04-09,50000,Department_2
Andrew,Hawkins,2020-08-06,95000,Department_9
Daniel,Hendrie,2020-07-22,80000,Department_5
Ernest,Howe,2019-08-05,105000,Department_1
Will,Hutcheson,2019-03-01,90000,Department_9
Jesse,Jarvis,2020-01-15,85000,Department_9
Oscar,Liddle,2019-02-12,115000,Department_5
Lewis,Logie,2019-04-30,95000,Department_7
Peter,Loudon,2019-11-10,65000,Department_3
Benjamin,Maclellan,2019-01-09,85000,Department_8
Frederick,Mccrae,2020-08-28,55000,Department_1
Willie,Muldoon,2020-04-26,70000,Department_4
Alfred,Norris,2020-02-27,45000,Department_4
Sam,Rees,2019-07-21,45000,Department_6
Roy,Riley,2020-08-02,85000,Department_7
Herbert,Rogerson,2019-05-08,45000,Department_1
Jacob,Shah,2019-03-28,100000,Department_4
Tom,Stephenson,2020-12-24,45000,Department_9
Elmer,Trainer,2019-05-01,95000,Department_5
Carl,Barlow,2019-07-08,90000,Department_6
Lee,Bibi,2020-01-19,115000,Department_8
Howard,Clements,2020-12-08,85000,Department_7
Martin,Collier,2019-01-04,50000,Department_8
Michael,Crowe,2020-09-08,115000,Department_5
Bert,Dalton,2019-04-19,115000,Department_7
Herman,Daniel,2020-05-26,65000,Department_3
Jim,Darling,2019-04-07,105000,Department_2
Francis,Feeney,2020-02-20,75000,Department_8
Harvey,Ferrie,2019-03-24,90000,Department_8
Earl,Finnigan,2020-01-17,55000,Department_8
Eugene,Gavin,2020-08-18,110000,Department_2
Ralph,Gilroy,2020-12-09,60000,Department_2
Ed,Goodall,2019-09-04,95000,Department_1
Claude,Goodfellow,2020-07-05,110000,Department_7
Edwin,Ironside,2019-10-04,90000,Department_6
Ben,Lowrie,2020-09-02,95000,Department_8
Charley,Malik,2019-05-10,85000,Department_3
Paul,Mccolm,2019-08-26,75000,Department_3
Edgar,Mciver,2019-11-06,100000,Department_2
Isaac,Mckendrick,2019-05-23,50000,Department_5
Otto,Mckinney,2019-12-12,75000,Department_3
Luther,Mcnulty,2020-11-20,40000,Department_5
Lawrence,Meek,2020-10-09,90000,Department_9
Ira,Mortimer,2019-04-23,105000,Department_4
Patrick,Naismith,2019-05-12,90000,Department_4
Guy,Ness,2020-02-28,55000,Department_2
Oliver,O'Reilly,2020-03-09,70000,Department_2
Theodore,Ogg,2020-02-05,105000,Department_2
Hugh,Peebles,2019-02-23,60000,Department_2
Clyde,Raeburn,2019-12-12,65000,Department_8
Alexander,Rashid,2020-09-03,45000,Department_4
August,Renwick,2019-09-14,110000,Department_8
Floyd,Spalding,2020-02-20,90000,Department_2
Homer,Steedman,2020-05-21,90000,Department_9
Jack,Sutton,2020-12-14,80000,Department_7
Leonard,Wales,2020-09-07,105000,Department_4
Horace,Wang,2019-03-07,100000,Department_6
Marion,Will,2020-10-24,40000,Department_9
Philip,Akram,2020-01-27,40000,Department_8
Allen,Bernard,2019-03-06,60000,Department_8
Archie,Bone,2019-11-03,75000,Department_3
Stephen,Bonnar,2019-05-06,75000,Department_6
Chester,Burrows,2019-09-30,85000,Department_7
Willis,Byers,2019-05-30,95000,Department_4
Raymond,Crooks,2020-02-03,115000,Department_7
Rufus,Dalgarno,2020-08-05,105000,Department_9
Warren,Donaghy,2019-05-16,90000,Department_5
Jessie,Esson,2019-04-13,70000,Department_9
Milton,Ewart,2019-05-11,105000,Department_9
Alex,Fitzsimmons,2019-04-02,60000,Department_2
Leo,Flannigan,2019-06-24,75000,Department_8
Julius,Flood,2020-07-27,75000,Department_2
Ray,Francis,2020-01-23,95000,Department_6
Sidney,Garrett,2020-02-16,55000,Department_1
Bernard,Haig,2020-12-05,80000,Department_1
Dan,Haining,2019-02-28,90000,Department_1
Jerry,Haldane,2019-01-27,50000,Department_8
Calvin,Harrower,2020-08-16,85000,Department_1
Perry,Hastings,2019-12-10,50000,Department_9
Dave,Heath,2020-12-16,115000,Department_2
Anthony,Horn,2019-07-29,95000,Department_8
Eddie,Ibrahim,2019-10-15,65000,Department_6
Amos,Mather,2020-01-11,110000,Department_3
Dennis,Mcardle,2020-03-08,70000,Department_5
Clifford,Mccaig,2019-06-18,70000,Department_4
Leroy,Mcdermid,2019-07-19,105000,Department_5
Wesley,Mcginlay,2019-06-29,75000,Department_1
Alonzo,Mcloughlin,2020-12-16,50000,Department_1
Garfield,Mcwhirter,2020-11-23,70000,Department_5
Franklin,Miles,2019-03-28,55000,Department_6
Emil,Moyes,2020-09-03,75000,Department_4
Leon,Norrie,2020-04-23,95000,Department_6
Nathan,Patton,2019-03-02,105000,Department_8
Harold,Rankine,2020-08-11,110000,Department_2
Matthew,Rintoul,2019-10-04,110000,Department_6
Levi,Scullion,2019-02-03,85000,Department_7
Moses,Shankland,2019-11-14,70000,Department_9
Everett,Sommerville,2019-11-03,115000,Department_3
Lester,Spiers,2019-09-27,75000,Department_2
Winfield,Stalker,2019-01-07,50000,Department_7
Adam,Stenhouse,2020-09-01,115000,Department_7
Lloyd,Stokes,2020-10-22,45000,Department_4
Mack,Stott,2020-12-07,105000,Department_1
Fredrick,Syme,2020-04-03,115000,Department_6
Jay,Wight,2020-08-07,60000,Department_7
Jess,Bissett,2020-04-17,45000,Department_6
Melvin,Boag,2019-01-16,40000,Department_6
Noah,Bond,2020-05-28,110000,Department_5
Aaron,Breen,2020-02-06,75000,Department_9
Alvin,Breslin,2019-03-17,95000,Department_2
Norman,Brock,2020-03-25,85000,Department_7
Gilbert,Bryden,2019-02-02,55000,Department_2
Elijah,Carnegie,2019-09-17,110000,Department_2
Victor,Cavanagh,2019-02-01,80000,Department_1
Gus,Crighton,2020-11-20,80000,Department_4
Nelson,Dallas,2020-04-18,95000,Department_9
Jasper,Denholm,2019-06-03,90000,Department_9
Silas,Dickinson,2019-08-10,100000,Department_7
Jake,Doran,2020-10-29,85000,Department_1
Christopher,Dowie,2019-12-01,65000,Department_1
Mike,Gibbs,2019-01-23,40000,Department_4
Percy,Gillon,2020-02-27,105000,Department_6
Adolph,Gregory,2019-07-11,110000,Department_1
Maurice,Hammond,2019-01-31,45000,Department_2
Cornelius,Hancock,2019-03-21,75000,Department_6
Felix,Lapsley,2019-02-08,75000,Department_7
Reuben,Leith,2019-06-15,65000,Department_8
Wallace,Lloyd,2020-06-19,45000,Department_8
Claud,Macneil,2020-03-26,80000,Department_7
Roscoe,Mcavoy,2019-12-30,95000,Department_9
Sylvester,Mccrone,2019-11-18,55000,Department_6
Earnest,Mccusker,2020-02-02,105000,Department_1
Hiram,Mchardy,2020-09-24,95000,Department_8
Otis,Mcmurdo,2019-10-27,65000,Department_1
Simon,Moodie,2019-02-17,65000,Department_1
Willard,Moody,2020-04-01,75000,Department_9
Irvin,Myles,2020-12-05,95000,Department_2
Mark,Nguyen,2020-08-19,60000,Department_2
Jose,O'Kane,2019-12-21,80000,Department_3
Wilbur,Pattison,2019-02-04,90000,Department_7
Abraham,Peat,2020-08-07,75000,Department_9
Virgil,Peden,2020-08-30,50000,Department_5
Clinton,Perrie,2020-12-07,45000,Department_1
Elbert,Rosie,2020-12-27,80000,Department_2
Leslie,Sands,2020-04-01,55000,Department_4
Marshall,Soutar,2019-05-28,75000,Department_2
Owen,Stein,2020-09-05,80000,Department_8
Wiley,Tonner,2020-03-24,95000,Department_2
Anton,Anwar,2020-03-24,110000,Department_6
Morris,Armitage,2019-06-11,55000,Department_6
Manuel,Ashraf,2019-07-01,75000,Department_3
Phillip,Bathgate,2019-11-14,45000,Department_1
Augustus,Braid,2019-08-06,90000,Department_4
Emmett,Brannigan,2020-03-10,40000,Department_3
Eli,Bryant,2019-11-02,55000,Department_4
Nicholas,Dey,2019-01-22,115000,Department_6
Wilson,Dundas,2019-08-30,115000,Department_9
Alva,Dunne,2019-10-24,85000,Department_6
Harley,Dunsmore,2020-09-21,95000,Department_7
Newton,Fallon,2019-07-31,105000,Department_7
Timothy,Fernie,2019-10-31,115000,Department_6
Marvin,Florence,2020-02-23,95000,Department_1
Ross,Freeland,2020-08-10,80000,Department_7
Curtis,Freeman,2020-08-21,40000,Department_2
Edmund,Greenwood,2019-01-16,65000,Department_1
Jeff,Haynes,2020-05-21,115000,Department_4
Elias,Heaney,2019-07-25,95000,Department_6
Harrison,Holt,2020-08-12,85000,Department_8
Stanley,Howieson,2020-01-01,40000,Department_7
Columbus,Irwin,2020-07-16,85000,Department_4
Lon,Kerrigan,2020-01-21,80000,Department_3
Ora,Kilgour,2020-10-29,100000,Department_6
Ollie,Lane,2020-07-29,60000,Department_4
Pearl,Lin,2020-07-27,50000,Department_2
Russell,Mccaffrey,2019-05-14,95000,Department_3
Solomon,Mcdonagh,2020-03-18,80000,Department_7
Arch,Mcilwraith,2019-08-07,75000,Department_3
Asa,Mcivor,2019-10-21,55000,Department_4
Clayton,Mcmenemy,2020-01-10,105000,Department_7
Enoch,Mcrobbie,2019-10-05,50000,Department_7
Irving,Mcroberts,2019-09-18,100000,Department_3
Mathew,Mill,2020-07-05,65000,Department_7
Nathaniel,Milton,2020-01-08,70000,Department_1
Scott,More,2019-11-24,100000,Department_9
Hubert,Mowatt,2019-02-05,80000,Department_5
Lemuel,Nichol,2020-11-12,45000,Department_1
Andy,Parsons,2019-04-25,60000,Department_9
Ellis,Paxton,2019-04-11,45000,Department_1
Emanuel,Pope,2020-02-28,115000,Department_2
Joshua,Ralph,2019-03-25,115000,Department_6
Millard,Reekie,2020-02-27,115000,Department_2
Vernon,Rowe,2020-07-29,90000,Department_4
Wade,Sandison,2020-07-31,65000,Department_1
Cyrus,Sibbald,2019-03-13,105000,Department_6
Miles,Stanley,2020-04-27,80000,Department_9
Rudolph,Tucker,2019-03-31,55000,Department_9
Sherman,Veitch,2019-10-01,105000,Department_5
Austin,Watts,2020-08-05,55000,Department_3
Bill,Whelan,2020-03-03,75000,Department_9
Chas,Winter,2020-06-23,85000,Department_9
Lonnie,Youngson,2019-03-08,115000,Department_7
Monroe,Abercrombie,2020-09-06,40000,Department_5
Byron,Adair,2020-07-01,95000,Department_9
Edd,Barrowman,2019-11-11,75000,Department_6
Emery,Barry,2019-03-17,115000,Department_9
Grant,Birch,2019-01-27,40000,Department_1
Jerome,Brownlee,2019-07-21,85000,Department_5
Max,Callander,2020-02-09,60000,Department_5
Mose,Cowe,2019-10-27,45000,Department_1
Steve,Curley,2019-01-14,80000,Department_2
Gordon,Dougall,2020-12-04,65000,Department_7
Abe,Duncanson,2019-02-03,75000,Department_2
Pete,Ewan,2019-02-28,115000,Department_1
Chris,Fergusson,2020-02-04,105000,Department_4
Clark,Fordyce,2020-04-07,115000,Department_5
Gustave,Garvie,2020-06-01,65000,Department_8
Orville,Greenhill,2020-07-06,55000,Department_6
Lorenzo,Hartley,2020-09-05,115000,Department_1
Bruce,Holden,2019-10-10,75000,Department_9
Marcus,Hosie,2020-07-21,100000,Department_8
Preston,Hynd,2020-06-19,85000,Department_9
Bob,Leiper,2019-11-18,60000,Department_6
Dock,Letham,2020-01-14,110000,Department_7
Donald,Lochrie,2019-04-25,75000,Department_8
Jackson,Logue,2020-03-19,115000,Department_3
Cecil,Maccallum,2019-07-16,80000,Department_3
Barney,Mcclelland,2020-10-08,100000,Department_9
Delbert,Mcgeoch,2019-04-20,45000,Department_2
Edmond,Mcgibbon,2020-08-10,75000,Department_8
Anderson,Mcginn,2020-03-27,105000,Department_5
Christian,Mcvicar,2020-10-21,85000,Department_3
Glenn,Mulligan,2020-02-03,70000,Department_5
Jefferson,Mullin,2020-08-03,75000,Department_6
Luke,Neish,2019-10-04,70000,Department_8
Neal,Norman,2019-02-05,65000,Department_1
Burt,Rea,2020-05-24,40000,Department_3
Ike,Sarwar,2020-10-09,45000,Department_7
Myron,Scally,2020-03-18,105000,Department_2
Tony,Shiels,2019-04-14,50000,Department_3
Conrad,Simmons,2019-05-29,40000,Department_4
Joel,Skelton,2020-08-06,55000,Department_7
Matt,Stables,2019-07-12,100000,Department_4
Riley,Sykes,2019-03-06,105000,Department_7
Vincent,Tomlinson,2019-11-22,50000,Department_3
Emory,Ure,2020-12-29,115000,Department_7
Isaiah,Vallance,2020-12-14,80000,Department_6
Nick,Wade,2020-08-22,50000,Department_9
Ezra,Wardrop,2020-04-03,75000,Department_4
Green,Whittaker,2019-10-02,75000,Department_9
Juan,Wiseman,2020-05-26,55000,Department_2
Clifton,Withers,2019-04-29,105000,Department_6
Lucius,Wong,2020-04-09,85000,Department_9
Porter,Wyper,2020-05-09,110000,Department_5
Arnold,Abernethy,2020-12-04,55000,Department_8
Bud,Arnold,2019-07-15,110000,Department_8
Jeremiah,Baldwin,2020-12-17,70000,Department_2
Taylor,Barber,2019-12-22,115000,Department_4
Forrest,Bartlett,2019-02-21,65000,Department_8
Roland,Begley,2020-02-02,95000,Department_1
Spencer,Best,2020-11-10,100000,Department_1
Burton,Bonner,2019-12-26,60000,Department_1
Don,Budge,2020-01-12,80000,Department_5
Emmet,Burnside,2020-12-13,70000,Department_7
Gustav,Butchart,2019-11-18,100000,Department_9
Louie,Carlyle,2020-10-23,65000,Department_1
Morgan,Cassie,2020-07-09,100000,Department_3
Ned,Clayton,2020-01-22,75000,Department_2
Van,Coll,2020-07-22,80000,Department_1
Ambrose,Cooney,2019-08-11,50000,Department_3
Chauncey,Curtis,2019-09-11,110000,Department_7
Elisha,Dennis,2020-11-20,90000,Department_5
Ferdinand,Drennan,2020-11-22,65000,Department_9
General,Duffin,2020-03-17,75000,Department_3
Julian,Egan,2019-02-20,75000,Department_9
Kenneth,Fairgrieve,2020-06-28,80000,Department_7
Mitchell,Fairlie,2020-11-10,55000,Department_9
Allie,Fairweather,2019-11-07,115000,Department_4
Josh,Field,2019-08-19,45000,Department_3
Judson,Fullarton,2019-10-25,110000,Department_4
Lyman,Gale,2020-01-11,100000,Department_6
Napoleon,Gibbons,2020-11-23,85000,Department_3
Pedro,Giles,2020-12-25,115000,Department_8
Berry,Glennie,2019-10-15,70000,Department_3
Dewitt,Grimes,2020-10-18,45000,Department_7
Ervin,Harding,2020-11-04,95000,Department_8
Forest,Harvie,2019-03-25,65000,Department_1
Lynn,Heeps,2020-06-07,55000,Department_4
Pink,Hislop,2019-01-27,40000,Department_9
Ruben,Hogan,2020-05-02,45000,Department_1
Sanford,Hogarth,2019-03-20,55000,Department_9
Ward,Houghton,2020-02-21,85000,Department_7
Douglas,Hutcheon,2019-11-05,70000,Department_5
Ole,Hynes,2019-02-10,45000,Department_6
Omer,Keane,2020-06-13,50000,Department_4
Ulysses,Kinghorn,2020-05-02,100000,Department_7
Walker,Kinloch,2019-07-25,65000,Department_1
Wilbert,Kinnaird,2019-09-30,75000,Department_8
Adelbert,Lightbody,2020-07-24,90000,Department_2
Benjiman,Liu,2020-07-30,85000,Department_4
Ivan,Longmuir,2020-02-08,50000,Department_3
Jonas,Mccaffery,2020-01-24,45000,Department_9
Major,Mcconville,2020-11-09,115000,Department_6
Abner,Mccubbin,2019-10-15,100000,Department_3
Archibald,Mcewen,2020-05-06,80000,Department_1
Caleb,Mcfadzean,2020-04-18,85000,Department_4
Clint,Mcglynn,2019-04-05,40000,Department_3
Dudley,Mcsherry,2019-11-30,40000,Department_2
Granville,Meiklejohn,2019-10-30,90000,Department_6
King,Metcalfe,2019-07-02,65000,Department_5
Mary,Nash,2019-03-27,65000,Department_6
Merton,Nicholls,2020-01-23,55000,Department_7
Antonio,Pryde,2019-05-25,50000,Department_1
Bennie,Rafiq,2019-01-14,85000,Department_4
Carroll,Redpath,2020-12-16,115000,Department_1
Freeman,Rehman,2019-04-06,100000,Department_9
Josiah,Rendall,2019-05-25,85000,Department_7
Milo,Rowley,2020-02-03,105000,Department_9
Royal,Samuel,2020-05-08,65000,Department_3
Dick,Sanders,2019-06-12,75000,Department_5
Earle,Sandilands,2020-03-07,90000,Department_4
Elza,Schofield,2020-01-31,65000,Department_8
Emerson,Seaton,2019-07-30,90000,Department_8
Fletcher,Sheppard,2019-12-02,60000,Department_7
Judge,Snedden,2019-10-21,55000,Department_7
Laurence,Still,2019-02-03,90000,Department_7
Neil,Telford,2019-09-15,65000,Department_7
Roger,Temple,2020-12-04,85000,Department_9
Seth,Thorpe,2020-02-09,55000,Department_1
Glen,Tosh,2020-07-19,45000,Department_8
Hugo,Walters,2020-08-16,105000,Department_6
Jimmie,Welch,2019-01-25,110000,Department_6
Johnnie,Weston,2019-01-31,100000,Department_5
Washington,Westwood,2020-01-13,110000,Department_6
Elwood,Whitehead,2020-06-04,95000,Department_4
Gust,Willis,2020-06-25,75000,Department_1
Harmon,Woodward,2019-01-14,100000,Department_3
Jordan,Zhang,2019-08-21,60000,Department_7
Simeon,Aikman,2020-08-12,75000,Department_3
Wayne,Allardyce,2019-06-03,80000,Department_6
Wilber,Bannerman,2020-07-14,115000,Department_5
Clem,Bates,2020-12-23,60000,Department_6
Evan,Beckett,2019-02-07,90000,Department_3
Frederic,Bertram,2020-06-08,115000,Department_5
Irwin,Bews,2019-08-11,110000,Department_7
Junius,Brewster,2020-02-23,105000,Department_8
Lafayette,Broadfoot,2020-02-15,45000,Department_2
Loren,Browning,2020-01-19,60000,Department_2
Madison,Butcher,2020-12-01,90000,Department_4
Mason,Carle,2020-12-17,65000,Department_2
Orval,Cartwright,2019-08-25,115000,Department_7
Abram,Colligan,2020-03-31,65000,Department_3
Aubrey,Colville,2019-03-22,105000,Department_4
Elliott,Conn,2020-06-14,60000,Department_3
Hans,Convery,2019-08-16,65000,Department_8
Karl,Corcoran,2020-03-18,70000,Department_6
Minor,Craigie,2020-11-30,100000,Department_7
Wash,Davison,2020-12-09,100000,Department_3
Wilfred,Edmond,2020-06-12,50000,Department_6
Allan,Gerrard,2019-04-30,50000,Department_9
Alphonse,Glendinning,2020-02-12,50000,Department_4
Dallas,Godfrey,2019-08-03,80000,Department_4
Dee,Greenshields,2020-09-09,55000,Department_1
Isiah,Haggarty,2020-12-23,70000,Department_5
Jason,Haggerty,2019-11-27,50000,Department_5
Johnny,Hair,2019-05-28,50000,Department_2
Lawson,Ho,2019-05-17,45000,Department_6
Lew,Honeyman,2020-01-24,85000,Department_8
Micheal,Jennings,2020-05-23,115000,Department_8
Orin,Keen,2019-06-11,80000,Department_8
Addison,Legge,2019-01-30,70000,Department_1
Cal,Leishman,2019-10-26,70000,Department_6
Erastus,Lyle,2019-12-29,65000,Department_6
Francisco,Maccoll,2019-06-14,110000,Department_2
Hardy,Macfadyen,2020-04-15,95000,Department_5
Lucien,Macnab,2020-09-08,85000,Department_2
Randolph,Malcolmson,2019-07-26,100000,Department_9
Stewart,Massey,2020-03-20,100000,Department_3
Vern,Mathers,2019-11-15,70000,Department_7
Wilmer,Mcalinden,2020-08-27,55000,Department_9
Zack,Mcbean,2020-03-02,85000,Department_5
Adrian,Mccarron,2020-04-17,75000,Department_9
Alvah,Mccullough,2020-11-23,90000,Department_7
Bertram,Mcdiarmid,2019-04-25,55000,Department_5
Clay,Mcdonnell,2019-02-19,100000,Department_5
Ephraim,Mcgaw,2019-04-27,115000,Department_9
Fritz,Mcglone,2019-01-13,80000,Department_5
Giles,Mcgraw,2019-01-20,115000,Department_4
Grover,Mckinley,2020-10-03,50000,Department_4
Harris,Mcpake,2020-05-18,110000,Department_4
Isom,Molloy,2020-10-12,40000,Department_1
Jesus,Moncrieff,2020-07-01,110000,Department_6
Johnie,Mullan,2020-03-25,90000,Department_6
Jonathan,Nicholl,2020-10-28,75000,Department_1
Lucian,O'Sullivan,2019-11-23,95000,Department_5
Malcolm,Prior,2019-08-15,60000,Department_2
Merritt,Pugh,2019-09-20,40000,Department_4
Otho,Read,2020-08-10,75000,Department_3
Perley,Redmond,2019-10-26,75000,Department_2
Rolla,Regan,2019-11-25,50000,Department_4
Sandy,Riddoch,2019-03-25,55000,Department_6
Tomas,Rough,2020-12-18,40000,Department_5
Wilford,Roxburgh,2020-09-26,100000,Department_5
Adolphus,Sawers,2019-03-23,70000,Department_1
Angus,Sewell,2020-04-18,95000,Department_2
Arther,Stanton,2019-09-22,95000,Department_7
Carlos,Starrs,2020-04-19,45000,Department_6
Cary,Strain,2019-07-04,100000,Department_3
Cassius,Tracey,2019-10-28,60000,Department_1
Davis,Vincent,2020-01-21,65000,Department_8
Hamilton,Watkins,2019-11-26,65000,Department_2
Harve,Alcorn,2019-06-22,100000,Department_3
Israel,Asif,2019-10-14,80000,Department_3
Leander,Balmer,2019-06-29,75000,Department_9
Melville,Batchelor,2019-04-13,100000,Department_3
Merle,Begum,2019-09-26,105000,Department_6
Murray,Bennie,2020-08-26,80000,Department_2
Pleasant,Blaney,2020-08-19,45000,Department_2
Sterling,Bridges,2020-04-27,75000,Department_9
Steven,Brough,2020-07-17,40000,Department_6
Axel,Bryceland,2020-04-13,100000,Department_1
Boyd,Bull,2020-06-24,75000,Department_2
Bryant,Cassells,2020-06-26,50000,Department_8
Clement,Charles,2020-02-02,45000,Department_2
Erwin,Chung,2019-09-05,65000,Department_3
Ezekiel,Cleary,2019-08-23,110000,Department_2
Foster,Clifford,2019-01-11,115000,Department_7
Frances,Clinton,2019-05-01,70000,Department_4
Geo,Collie,2019-06-13,65000,Department_8
Houston,Crockett,2020-09-21,55000,Department_3
Issac,Crozier,2019-09-11,100000,Department_6
Jules,Deighan,2020-02-14,85000,Department_1
Larkin,Devaney,2020-03-17,70000,Department_2
Mat,Din,2019-11-15,75000,Department_6
Morton,Dodd,2019-11-10,65000,Department_1
Orlando,Dunnett,2020-11-12,85000,Department_1
Pierce,Dunsmuir,2020-01-29,50000,Department_3
Prince,Faulkner,2020-10-11,90000,Department_2
Rollie,Finnegan,2019-02-02,80000,Department_6
Rollin,Frost,2019-07-02,65000,Department_1
Sim,Garland,2019-02-17,90000,Department_7
Stuart,Gault,2020-08-10,110000,Department_8
Wilburn,Goudie,2020-04-11,40000,Department_7
Bennett,Gough,2019-11-22,115000,Department_3
Casper,Gowans,2019-09-15,85000,Department_8
Christ,Guy,2020-10-06,85000,Department_6
Dell,Hampton,2020-11-26,95000,Department_9
Egbert,Hand,2019-02-05,50000,Department_4
Elmo,Herbert,2019-06-08,110000,Department_7
Fay,Hickey,2019-02-11,50000,Department_5
Gabriel,Hicks,2020-08-22,55000,Department_9
Hector,Hooper,2020-03-13,85000,Department_5
Horatio,Howat,2019-03-13,50000,Department_4
Lige,Hurst,2020-01-25,60000,Department_7
Saul,Inch,2020-08-28,70000,Department_9
Smith,Jenkinson,2019-08-23,100000,Department_4
Squire,Kelman,2019-07-07,60000,Department_8
Tobe,Kettles,2020-06-25,70000,Department_8
Tommie,Lappin,2020-12-06,40000,Department_8
Wyatt,Lochhead,2020-12-05,110000,Department_2
Alford,Louden,2019-03-21,70000,Department_3
Alma,Luke,2019-11-02,85000,Department_6
Alton,Mcandrew,2019-03-19,80000,Department_1
Andres,Mccole,2019-09-05,80000,Department_3
Burl,Mcdowell,2019-05-10,55000,Department_9
Cicero,Mcgarvey,2019-03-11,85000,Department_8
Dean,Mcglashan,2020-07-19,105000,Department_7
Dorsey,Mcgroarty,2019-06-11,105000,Department_9
Enos,Mchale,2019-02-13,80000,Department_3
Howell,Mcilwaine,2020-09-22,50000,Department_3
Lou,Mcminn,2019-04-22,65000,Department_5
Loyd,Mcquarrie,2019-09-06,80000,Department_5
Mahlon,Mcquillan,2019-09-05,45000,Department_6
Nat,Mcrobert,2019-08-29,75000,Department_4
Omar,Mcsorley,2019-01-17,55000,Department_7
Oran,Mcsporran,2020-12-19,105000,Department_7
Parker,Minto,2019-03-08,40000,Department_8
Raleigh,Pitt,2020-11-15,105000,Department_7
Reginald,Quin,2020-08-09,40000,Department_2
Rubin,Randall,2020-05-14,40000,Department_8
Seymour,Reeves,2019-09-24,60000,Department_2
Wm,Saeed,2020-02-01,110000,Department_3
Young,Scoular,2020-03-31,110000,Department_4
Benjamine,Sharif,2019-11-28,65000,Department_7
Carey,Sharma,2019-09-10,105000,Department_3
Carlton,Sharpe,2020-05-10,45000,Department_1
Eldridge,Shek,2020-12-16,80000,Department_6
Elzie,Talbot,2019-05-05,105000,Department_2
Garrett,Townsend,2019-07-18,110000,Department_9
Isham,Troup,2019-11-05,115000,Department_9
Johnson,Vance,2019-07-12,110000,Department_4
Larry,Waterston,2020-04-05,40000,Department_1
Logan,Wemyss,2020-05-23,70000,Department_7
Merrill,Westwater,2020-09-29,95000,Department_6
Mont,Whiteside,2020-06-06,60000,Department_5
Oren,Whitfield,2019-08-31,105000,Department_9
Pierre,Willox,2020-02-27,65000,Department_8
Rex,Arbuckle,2019-04-05,115000,Department_6
Rodney,Ashcroft,2019-05-03,75000,Department_7
Ted,Bayne,2020-01-14,45000,Department_7
Webster,Boswell,2020-02-12,105000,Department_5
West,Bradshaw,2019-06-18,80000,Department_6
Wheeler,Braidwood,2019-05-30,75000,Department_3
Willam,Brash,2020-09-20,80000,Department_8
Al,Broadley,2020-10-18,55000,Department_3
Aloysius,Cahill,2019-10-31,105000,Department_5
Alvie,Calvert,2019-08-20,50000,Department_8
Anna,Catto,2020-09-12,115000,Department_3
Art,Charlton,2019-02-11,95000,Department_9
Augustine,Chaudhry,2020-03-03,95000,Department_4
Bailey,Church,2020-11-04,45000,Department_2
Benjaman,Coates,2020-05-03,105000,Department_1
Beverly,Colvin,2020-09-06,80000,Department_3
Bishop,Conner,2020-01-10,45000,Department_7
Clair,Connon,2019-06-20,115000,Department_6
Cloyd,Couper,2020-08-03,75000,Department_9
Coleman,Coupland,2020-12-24,60000,Department_4
Dana,Coventry,2019-01-04,60000,Department_5
Duncan,Crawley,2020-08-03,95000,Department_7
Dwight,Cruickshanks,2019-12-29,75000,Department_7
Emile,Dornan,2020-09-30,70000,Department_7
Evert,Dougal,2019-05-23,80000,Department_7
Henderson,Durno,2019-03-22,100000,Department_4
Hunter,Dykes,2019-05-24,70000,Department_8
Jean,Edward,2020-03-21,85000,Department_8
Lem,Farren,2019-08-17,75000,Department_3
Luis,Fergus,2019-08-04,60000,Department_2
Mathias,Ferns,2019-12-11,105000,Department_1
Maynard,Findlater,2019-05-12,100000,Department_3
Miguel,Finn,2019-04-18,45000,Department_4
Mortimer,Firth,2019-07-13,60000,Department_5
Nels,Forman,2020-09-26,55000,Department_1
Norris,Fyffe,2020-12-23,95000,Department_3
Pat,Gilmartin,2019-04-25,95000,Department_9
Phil,Gilmore,2019-02-04,95000,Department_5
Rush,Good,2020-01-13,50000,Department_2
Santiago,Govan,2020-01-29,95000,Department_4
Sol,Hale,2019-05-27,70000,Department_3
Sydney,Halkett,2019-10-03,115000,Department_1
Thaddeus,Halley,2020-02-13,45000,Department_9
Thornton,Hanif,2020-12-03,50000,Department_9
Tim,Hargreaves,2020-05-01,110000,Department_1
Travis,Hawthorne,2020-08-16,90000,Department_5
Truman,Hayward,2019-12-10,80000,Department_1
Watson,Hegarty,2019-07-29,65000,Department_4
Webb,Hirst,2020-11-03,85000,Department_9
Wellington,Hobson,2020-02-21,115000,Department_2
Winfred,Hoey,2019-09-06,55000,Department_8
Wylie,Horton,2020-11-21,50000,Department_1
Alec,Humphries,2019-07-23,80000,Department_1
Basil,Judge,2020-08-02,105000,Department_6
Baxter,Langlands,2019-09-16,95000,Department_9
Bertrand,Larkin,2019-01-10,70000,Department_4
Buford,Latif,2020-12-05,40000,Department_4
Burr,Lavelle,2019-01-19,50000,Department_5
Cleveland,Learmonth,2020-12-21,95000,Department_7
Colonel,Leighton,2019-06-15,55000,Department_6
Dempsey,Lennie,2020-06-22,40000,Department_7
Early,Lilley,2019-11-18,50000,Department_7
Ellsworth,Lithgow,2020-11-10,55000,Department_2
Fate,Lobban,2020-09-29,115000,Department_5
Finley,Maclaren,2020-01-03,40000,Department_8
Gabe,Marley,2020-09-21,110000,Department_8
Garland,Marsh,2020-02-18,105000,Department_5
Gerald,Mcaleer,2020-06-16,65000,Department_4
Herschel,Mccready,2020-07-02,85000,Department_5
Hezekiah,Mccrorie,2019-07-25,50000,Department_7
Justus,Mcelhinney,2019-10-27,50000,Department_7
Lindsey,Mcgivern,2020-03-07,60000,Department_2
Marcellus,Mclintock,2019-11-29,45000,Department_4
Olaf,Mcluckie,2020-03-11,45000,Department_3
Olin,Merchant,2019-07-15,60000,Department_7
Pablo,Mochan,2019-11-01,105000,Department_2
Rolland,Moncur,2020-07-20,55000,Department_3
Turner,Myers,2020-10-01,80000,Department_2
Verne,Naylor,2019-01-08,60000,Department_4
Volney,Neville,2020-07-03,45000,Department_8
Williams,O'Hagan,2020-05-07,75000,Department_7
Almon,O'Malley,2019-09-14,60000,Department_9
Alois,Ormiston,2019-11-02,80000,Department_8
Alonza,Parry,2020-09-18,55000,Department_9
Anson,Penny,2020-05-06,60000,Department_5
Authur,Rayner,2019-12-17,75000,Department_7
Benton,Salmond,2019-04-18,45000,Department_9
Billie,Scrimgeour,2020-02-22,95000,Department_7
Cornelious,Seath,2019-09-05,55000,Department_2
Darius,Sherry,2019-05-16,105000,Department_2
Denis,Tahir,2019-09-05,100000,Department_7
Dillard,Trotter,2020-03-16,60000,Department_6
Doctor,Waite,2020-10-29,115000,Department_3
Elvin,Wardlaw,2019-04-18,90000,Department_2
Emma,Warnock,2020-05-18,90000,Department_3
Eric,Wills,2020-02-20,40000,Department_6
Evans,Affleck,2019-09-12,115000,Department_3
Gideon,Ainsworth,2019-10-10,110000,Department_8
Haywood,Allardice,2019-03-19,55000,Department_8
Hilliard,Amin,2020-09-27,60000,Department_1
Hosea,Ashton,2019-11-03,95000,Department_4
Lincoln,Atkins,2020-03-01,65000,Department_6
Lonzo,Bashir,2019-05-06,80000,Department_5
Lucious,Beaumont,2020-12-04,85000,Department_5
Lum,Beedie,2019-02-21,75000,Department_1
Malachi,Bellingham,2019-08-07,100000,Department_3
Newt,Bentley,2020-02-04,95000,Department_8
Noel,Bingham,2020-10-27,40000,Department_5
Orie,Blain,2020-07-27,75000,Department_4
Palmer,Bowden,2019-10-23,65000,Department_9
Pinkney,Bowes,2019-01-16,75000,Department_9
Shirley,Bray,2019-06-12,115000,Department_4
Sumner,Bryan,2020-12-05,95000,Department_6
Terry,Burr,2020-07-02,40000,Department_5
Urban,Butt,2020-05-15,100000,Department_2
Uriah,Carrigan,2020-12-05,75000,Department_2
Valentine,Carswell,2020-05-27,110000,Department_6
Waldo,Caven,2020-03-18,90000,Department_7
Warner,Cheung,2020-04-25,105000,Department_4
Wong,Combe,2019-12-05,50000,Department_9
Zeb,Condie,2020-06-04,105000,Department_3
Abel,Cope,2020-07-22,105000,Department_7
Alden,Corner,2020-12-30,50000,Department_7
Archer,Cossar,2019-01-07,90000,Department_5
Avery,Craib,2019-12-16,90000,Department_3
Carson,Croft,2019-05-26,90000,Department_6
Cullen,Crosby,2019-08-25,95000,Department_3
Doc,Cuthill,2019-03-20,100000,Department_5
Eben,Daniels,2020-02-25,40000,Department_9
Elige,Dargie,2020-04-11,100000,Department_4
Elizabeth,Doak,2020-08-15,90000,Department_7
Elmore,Don,2020-01-15,55000,Department_6
Ernst,Doughty,2019-11-13,45000,Department_6
Finis,Dowling,2020-06-17,45000,Department_1
Freddie,Drew,2020-03-03,70000,Department_3
Godfrey,Dryden,2019-08-02,110000,Department_8
Guss,Easson,2019-02-02,80000,Department_6
Hamp,Eaton,2020-01-02,95000,Department_8
Hermann,Emerson,2020-08-22,80000,Department_5
Isadore,Everett,2020-12-19,50000,Department_8
Isreal,Farr,2020-06-30,115000,Department_8
Jones,Farrow,2019-05-17,70000,Department_1
June,Fawcett,2020-08-03,105000,Department_8
Lacy,Finney,2019-09-11,70000,Department_9
Lafe,Foreman,2019-12-30,90000,Department_2
Leland,Fowlie,2019-09-17,100000,Department_5
Llewellyn,Franklin,2020-07-12,100000,Department_8
Ludwig,Gair,2019-12-02,75000,Department_8
Manford,Gammie,2020-05-27,45000,Department_7
Maxwell,Gifford,2020-09-07,75000,Department_9
Minnie,Gold,2020-04-06,100000,Department_4
Obie,Greenan,2019-12-20,100000,Department_5
Octave,Hanley,2020-03-27,65000,Department_9
Orrin,Hare,2020-01-10,75000,Department_4
Ossie,Hetherington,2019-11-03,90000,Department_5
Oswald,Hind,2019-05-23,95000,Department_8
Park,Hoggan,2020-11-28,40000,Department_1
Parley,Hollywood,2019-11-13,80000,Department_7
Ramon,Hoy,2020-09-13,85000,Department_6
Rice,Islam,2020-02-06,80000,Department_9
Stonewall,Izatt,2019-08-01,80000,Department_8
Theo,Kavanagh,2019-09-29,50000,Department_6
Tillman,Keay,2019-08-26,115000,Department_1
Addie,Keddie,2019-01-29,105000,Department_5
Aron,Kellock,2020-09-28,115000,Department_2
Ashley,Keogh,2019-08-01,40000,Department_7
Bernhard,Laurenson,2020-06-08,60000,Department_9
Bertie,Laverty,2019-10-10,75000,Department_7
Berton,Leggat,2019-09-19,115000,Department_4
Buster,Lynas,2019-06-26,90000,Department_5
Butler,Macritchie,2019-10-01,90000,Department_3
Carleton,Mactaggart,2019-09-17,55000,Department_2
Carrie,Mains,2019-09-02,55000,Department_7
Clara,Markey,2019-11-06,115000,Department_1
Clarance,Masterton,2019-07-19,115000,Department_5
Clare,Mcaleese,2019-06-09,80000,Department_9
Crawford,Mcallan,2019-12-28,110000,Department_9
Danial,Mccauley,2019-01-07,70000,Department_9
Dayton,Mccreath,2020-02-07,85000,Department_6
Dolphus,Mccrossan,2019-03-25,105000,Department_2
Elder,Mcelroy,2019-08-12,110000,Department_9
Ephriam,Mcgeachy,2020-01-30,60000,Department_8
Fayette,Mcgilvray,2019-07-18,60000,Department_4
Felipe,Mcphillips,2019-04-24,100000,Department_7
Fernando,Mcveigh,2019-09-16,110000,Department_3
Flem,Mudie,2020-04-22,85000,Department_6
Florence,Nichols,2020-11-25,80000,Department_8
Ford,Nightingale,2020-02-02,95000,Department_5
Harlan,Norton,2020-08-18,45000,Department_3
Hayes,Ord,2020-10-28,110000,Department_2
Henery,Paisley,2019-09-09,75000,Department_5
Hoy,Paris,2020-10-15,110000,Department_2
Huston,Parkin,2020-02-13,80000,Department_8
Ida,Pender,2019-06-13,60000,Department_4
Ivory,Pentland,2020-02-01,65000,Department_9
Jonah,Power,2020-04-02,95000,Department_3
Justin,Purcell,2019-11-02,45000,Department_6
Lenard,Pyper,2020-07-20,55000,Department_3
Leopold,Rahman,2019-12-08,45000,Department_5
Lionel,Renfrew,2019-01-13,100000,Department_3
Manley,Rhodes,2019-08-14,115000,Department_8
Marquis,Riach,2019-06-23,60000,Department_8
Marshal,Riches,2019-04-09,45000,Department_2
Mart,Rolland,2019-05-25,45000,Department_3
Odie,Rush,2019-01-02,115000,Department_8
Olen,Ruthven,2019-05-03,40000,Department_2
Oral,Senior,2019-07-05,90000,Department_1
Orley,Seymour,2019-07-27,105000,Department_7
Otha,Simmonds,2019-12-02,55000,Department_1
Press,Singer,2020-04-27,70000,Department_9
Price,Smeaton,2020-09-17,115000,Department_7
Quincy,Stead,2019-09-20,95000,Department_3
Randall,Stitt,2019-02-01,85000,Department_8
Rich,Stocks,2019-03-29,40000,Department_5
Richmond,Storey,2020-03-07,70000,Department_7
Romeo,Tanner,2020-11-02,90000,Department_3
Russel,Third,2020-05-28,80000,Department_8
Rutherford,Timmons,2019-10-04,80000,Department_6
Shade,Toal,2019-06-05,90000,Department_3
Shelby,Usman,2020-10-07,105000,Department_3
Solon,Valente,2020-03-10,60000,Department_2
Thurman,Wheatley,2020-07-10,85000,Department_8
Tilden,Whitaker,2019-07-06,90000,Department_8
Troy,Whiting,2019-04-04,50000,Department_2
Woodson,Winning,2019-05-12,40000,Department_8
Worth,Winters,2020-03-26,115000,Department_9
Aden,Afzal,2019-01-12,45000,Department_2
Alcide,Aziz,2020-01-06,60000,Department_5
Alf,Bacon,2020-06-30,115000,Department_5
Algie,Baines,2019-02-19,65000,Department_3
Arlie,Bett,2019-11-19,80000,Department_8
Bart,Blakely,2019-11-10,90000,Department_8
Bedford,Bowers,2019-09-12,75000,Department_5
Benito,Britton,2019-06-27,60000,Department_3
Billy,Brockie,2019-02-05,50000,Department_6
Bird,Brydon,2019-08-23,40000,Department_1
Birt,Cairnie,2020-04-25,105000,Department_1
Bruno,Carlton,2020-04-09,75000,Department_1
Burley,Carrick,2020-03-31,110000,Department_1
Chancy,Carstairs,2019-07-27,80000,Department_1
Claus,Cattanach,2020-08-08,105000,Department_3
Cliff,Chadwick,2020-04-23,50000,Department_9
Clovis,Coats,2019-04-09,100000,Department_8
Connie,Cochran,2019-03-12,50000,Department_2
Creed,Conlan,2019-09-26,75000,Department_6
Delos,Cree,2019-06-03,60000,Department_3
Duke,Creighton,2019-04-26,90000,Department_6
Eber,Crook,2020-02-03,70000,Department_1
Eligah,Deas,2019-07-25,105000,Department_7
Elliot,Denham,2019-06-11,65000,Department_1
Elton,Dennison,2019-03-30,45000,Department_5
Emmitt,Donohoe,2019-09-11,60000,Department_6
Gene,Drake,2020-06-28,115000,Department_4
Golden,Duke,2020-07-25,60000,Department_9
Hal,Durrand,2019-12-03,105000,Department_2
Hardin,Eaglesham,2019-09-09,80000,Department_8
Harman,English,2019-12-23,100000,Department_6
Hervey,Esslemont,2020-09-28,80000,Department_6
Hollis,Fearn,2020-08-31,45000,Department_2
Ivey,Ferries,2020-04-02,105000,Department_8
Jennie,Fitzgerald,2020-04-13,95000,Department_4
Len,Fortune,2020-10-20,100000,Department_6
Lindsay,Frater,2019-10-28,105000,Department_3
Lonie,Gamble,2019-10-24,105000,Department_9
Lyle,Gaughan,2020-12-11,115000,Department_9
Mac,Gillen,2019-12-07,50000,Department_6
Mal,Goodman,2020-11-16,95000,Department_2
Math,Granger,2020-06-03,90000,Department_1
Miller,Harte,2019-06-26,110000,Department_4
Orson,Haston,2019-11-28,80000,Department_7
Osborne,Hawthorn,2020-05-22,110000,Department_3
Percival,He,2019-06-16,40000,Department_4
Pleas,Hennessy,2019-10-19,115000,Department_6
Ples,Herkes,2019-02-01,75000,Department_8
Rafael,Hillhouse,2019-08-12,75000,Department_8
Raoul,Howitt,2019-07-22,75000,Department_8
Roderick,Irons,2019-08-27,65000,Department_4
Rose,Jeffery,2019-07-22,105000,Department_2
Shelton,Kelbie,2020-05-03,45000,Department_4
Sid,Kent,2020-06-19,55000,Department_6
Theron,Kiernan,2020-07-30,115000,Department_7
Tobias,Leadbetter,2019-06-24,75000,Department_8
Toney,Linklater,2019-09-09,95000,Department_3
Tyler,Lodge,2019-12-08,80000,Department_2
Vance,Lovie,2020-08-12,55000,Department_4
Vivian,Loy,2019-04-17,90000,Department_2
Walton,Lundie,2020-10-15,95000,Department_4
Watt,Macneill,2020-05-22,60000,Department_9
Weaver,Mahoney,2019-03-10,75000,Department_3
Wilton,Maley,2020-09-11,115000,Department_7
Adolf,Mallon,2020-07-08,95000,Department_4
Albin,Maltman,2019-09-03,70000,Department_5
Albion,Mcalister,2019-05-20,80000,Department_6
Allison,Mccleary,2020-01-06,60000,Department_9
Alpha,Mccolgan,2020-09-05,90000,Department_3
Alpheus,Mccrory,2019-01-11,85000,Department_6
Anastacio,Mcgarva,2019-10-14,40000,Department_3
Andre,Mcginness,2019-10-21,55000,Department_6
Annie,Mcgonigle,2019-08-09,95000,Department_5
Arlington,Mckain,2019-03-23,95000,Department_5
Armand,Mcleary,2019-01-16,105000,Department_8
Asberry,Mcleman,2019-05-17,110000,Department_6
Asbury,Mcnicoll,2019-07-05,85000,Department_7
Asher,Mcvie,2019-07-24,50000,Department_9
Augustin,Meehan,2020-02-01,70000,Department_1
Auther,Mulgrew,2019-04-26,50000,Department_7
Author,Noon,2019-05-27,60000,Department_2
Ballard,Notman,2019-11-04,65000,Department_4
Blas,Pate,2019-08-19,110000,Department_2
Caesar,Patel,2020-05-13,110000,Department_5
Candido,Pattie,2019-05-21,105000,Department_3
Cato,Peck,2019-06-13,75000,Department_6
Clarke,Peddie,2020-10-01,105000,Department_6
Clemente,Plunkett,2019-12-31,75000,Department_9
Colin,Proudfoot,2019-03-22,95000,Department_8
Commodore,Purvis,2019-03-22,40000,Department_2
Cora,Rigby,2019-08-02,65000,Department_8
Coy,Robbins,2020-12-24,105000,Department_2
Cruz,Roe,2019-05-10,110000,Department_1
Curt,Sadler,2020-01-02,70000,Department_5
Damon,Sellar,2020-05-08,95000,Department_4
Davie,Sheikh,2020-06-08,85000,Department_8
Delmar,Sherriff,2020-10-08,50000,Department_3
Dexter,Sillars,2020-08-26,65000,Department_3
Dora,Spowart,2020-03-12,65000,Department_7
Doss,Stanners,2019-10-10,55000,Department_6
Drew,Stirrat,2020-03-10,75000,Department_3
Edson,Storrie,2019-11-28,100000,Department_5
Elam,Suttie,2019-10-21,85000,Department_1
Elihu,Swanston,2019-12-09,85000,Department_8
Eliza,Symon,2020-02-19,115000,Department_6
Elsie,Tariq,2019-11-22,50000,Department_6
Erie,Terry,2019-03-02,50000,Department_9
Ernie,Tinney,2019-03-18,65000,Department_7
Ethel,Tran,2019-09-28,110000,Department_4
Ferd,Twaddle,2020-10-13,110000,Department_1
Friend,Vaughan,2020-02-11,85000,Department_2
Garry,Wallis,2020-11-23,90000,Department_9
Gary,Warden,2019-05-12,45000,Department_3
Grace,Wardle,2019-08-01,90000,Department_8
Gustaf,Ware,2020-06-11,70000,Department_3
Hallie,Wilkins,2019-01-03,50000,Department_1
Hampton,Wynn,2019-09-01,55000,Department_1
Harrie,Yeats,2019-01-13,90000,Department_5
Hattie,Younger,2019-02-13,100000,Department_9
